16,17,30,35,36,51,57,58,59,61,62,64,66,68,74,75,76,82,keyword,alls,binary,value
0,1,0,0,0,0,0,1,0,0,5,0,0,0,0,3,0,0,몰카,10,4.0,160.0
0,0,0,0,0,0,0,3,0,0,1,0,0,0,0,0,0,7,다툼,11,3.0,99.0
0,0,0,0,0,0,0,11,0,0,0,10,0,0,0,0,0,0,순직,21,2.0,84.0
0,1,0,0,0,1,2,1,0,0,0,0,0,0,0,0,0,0,국적,5,4.0,80.0
0,0,0,0,0,0,0,0,0,0,15,0,0,0,0,0,0,2,커플,17,2.0,68.0
1,0,0,0,0,0,0,0,4,0,0,2,0,0,0,0,0,0,호전,7,3.0,63.0
0,0,0,0,0,0,0,0,0,0,2,0,0,0,0,0,0,12,놀이,14,2.0,56.0
0,3,0,0,0,0,0,0,1,0,0,0,0,0,0,0,0,2,대략,6,3.0,54.0
11,0,0,1,0,0,0,0,0,0,0,0,0,0,0,0,0,0,처방,12,2.0,48.0
0,3,0,0,1,0,0,0,0,0,0,1,0,0,0,0,0,0,장비,5,3.0,45.0
0,0,0,0,0,0,0,0,0,1,0,0,1,0,3,0,0,0,혈안,5,3.0,45.0
1,0,0,0,0,0,0,0,2,0,0,0,0,0,0,0,0,2,소장,5,3.0,45.0
0,0,0,1,0,0,0,0,0,0,0,0,0,0,3,0,1,0,가동,5,3.0,45.0
0,0,0,0,0,3,0,0,0,0,0,0,0,0,6,0,0,0,베트남,9,2.0,36.0
0,0,0,0,0,0,1,0,1,0,0,1,0,0,0,0,0,0,타격,3,3.0,27.0
0,1,0,1,0,0,0,0,0,0,1,0,0,0,0,0,0,0,몰래,3,3.0,27.0
0,0,0,0,0,0,0,0,0,0,0,1,1,1,0,0,0,0,위함,3,3.0,27.0
0,0,0,0,0,0,0,5,0,0,1,0,0,0,0,0,0,0,망치,6,2.0,24.0
0,0,0,0,1,0,0,0,0,0,0,0,0,0,0,5,0,0,감염,6,2.0,24.0
3,0,0,3,0,0,0,0,0,0,0,0,0,0,0,0,0,0,비급,6,2.0,24.0
2,0,0,3,0,0,0,0,0,0,0,0,0,0,0,0,0,0,갑,5,2.0,20.0
0,0,0,0,0,0,0,0,0,0,0,1,0,0,4,0,0,0,석탄,5,2.0,20.0
0,17,0,0,0,0,0,0,0,0,0,0,0,0,0,0,0,0,에어소프트,17,1.0,17.0
0,0,0,0,0,0,0,0,0,0,0,0,0,1,0,3,0,0,공표,4,2.0,16.0
0,0,0,0,0,0,0,0,0,0,0,0,0,0,2,0,0,2,극복,4,2.0,16.0
0,0,0,0,0,0,0,0,0,0,0,0,0,0,2,2,0,0,유착,4,2.0,16.0
0,0,0,0,0,0,0,0,2,0,0,2,0,0,0,0,0,0,권,4,2.0,16.0
0,0,0,0,0,0,0,0,0,0,0,0,0,0,2,0,0,2,중재,4,2.0,16.0
0,0,0,0,0,2,0,0,0,2,0,0,0,0,0,0,0,0,용서,4,2.0,16.0
0,0,0,0,0,0,0,0,0,1,0,0,0,0,3,0,0,0,마,4,2.0,16.0
0,0,0,0,0,0,0,0,0,0,0,3,1,0,0,0,0,0,물가,4,2.0,16.0
0,0,0,0,0,0,1,0,0,0,0,0,0,0,3,0,0,0,매번,4,2.0,16.0
0,0,0,1,0,0,0,3,0,0,0,0,0,0,0,0,0,0,해직,4,2.0,16.0
0,0,0,0,0,0,0,1,0,3,0,0,0,0,0,0,0,0,효력,4,2.0,16.0
0,0,0,0,0,0,0,0,0,0,1,0,0,0,0,0,0,3,미지,4,2.0,16.0
0,0,0,0,0,0,0,0,0,0,0,0,0,1,3,0,0,0,수천,4,2.0,16.0
0,0,0,0,0,0,0,0,15,0,0,0,0,0,0,0,0,0,도서,15,1.0,15.0
0,0,0,0,0,0,0,0,15,0,0,0,0,0,0,0,0,0,출판,15,1.0,15.0
0,0,0,0,0,0,0,0,14,0,0,0,0,0,0,0,0,0,서점,14,1.0,14.0
0,0,0,0,0,0,0,0,0,0,0,0,0,0,13,0,0,0,영유,13,1.0,13.0
0,0,0,0,0,0,0,0,0,0,0,0,0,0,13,0,0,0,영아,13,1.0,13.0
0,0,0,0,0,0,0,0,0,1,0,0,0,0,2,0,0,0,여당,3,2.0,12.0
1,0,0,0,0,0,0,0,0,0,0,0,0,0,2,0,0,0,농간,3,2.0,12.0
0,0,0,2,0,0,0,0,0,1,0,0,0,0,0,0,0,0,번영,3,2.0,12.0
0,0,0,0,0,0,0,0,0,0,0,0,1,0,0,0,0,2,북유럽,3,2.0,12.0
1,0,0,0,0,0,0,0,0,0,0,0,0,0,0,0,2,0,사후,3,2.0,12.0
0,0,0,0,0,1,0,0,0,2,0,0,0,0,0,0,0,0,지방선거,3,2.0,12.0
2,0,0,1,0,0,0,0,0,0,0,0,0,0,0,0,0,0,띠,3,2.0,12.0
0,0,0,0,0,0,0,0,0,0,0,0,0,0,0,1,0,2,동성,3,2.0,12.0
0,0,0,0,0,0,0,0,2,0,0,0,0,0,0,0,1,0,실상,3,2.0,12.0
0,0,0,0,0,0,1,0,0,0,0,0,2,0,0,0,0,0,적자,3,2.0,12.0
0,0,0,0,0,0,0,0,0,2,0,1,0,0,0,0,0,0,무력,3,2.0,12.0
0,0,0,0,0,0,0,1,0,0,0,0,0,0,2,0,0,0,전력,3,2.0,12.0
0,0,0,0,0,0,0,0,0,0,0,0,0,2,0,0,1,0,철도공사,3,2.0,12.0
0,0,0,0,1,2,0,0,0,0,0,0,0,0,0,0,0,0,지난주,3,2.0,12.0
0,0,0,0,0,0,0,1,0,0,0,0,2,0,0,0,0,0,몇번,3,2.0,12.0
0,0,0,0,0,1,0,0,0,0,0,0,2,0,0,0,0,0,공공,3,2.0,12.0
0,0,0,0,0,0,0,0,0,12,0,0,0,0,0,0,0,0,최대호,12,1.0,12.0
0,0,0,0,0,0,0,0,0,0,0,0,0,0,12,0,0,0,관찰자,12,1.0,12.0
0,0,0,0,0,0,0,0,0,0,0,0,0,0,12,0,0,0,조폭,12,1.0,12.0
0,0,0,0,0,0,0,0,0,0,0,0,0,12,0,0,0,0,승무원,12,1.0,12.0
0,12,0,0,0,0,0,0,0,0,0,0,0,0,0,0,0,0,게이머,12,1.0,12.0
0,0,0,0,0,2,1,0,0,0,0,0,0,0,0,0,0,0,사죄,3,2.0,12.0
0,0,0,0,0,2,0,0,0,0,1,0,0,0,0,0,0,0,노래,3,2.0,12.0
0,0,0,0,0,0,0,12,0,0,0,0,0,0,0,0,0,0,위층,12,1.0,12.0
0,0,0,0,0,0,0,0,0,2,0,1,0,0,0,0,0,0,임무,3,2.0,12.0
12,0,0,0,0,0,0,0,0,0,0,0,0,0,0,0,0,0,심평원,12,1.0,12.0
0,0,0,2,0,0,0,0,0,0,0,0,1,0,0,0,0,0,피하,3,2.0,12.0
11,0,0,0,0,0,0,0,0,0,0,0,0,0,0,0,0,0,청원경찰,11,1.0,11.0
0,0,0,0,0,0,0,0,11,0,0,0,0,0,0,0,0,0,전자책,11,1.0,11.0
0,0,0,0,0,0,0,0,0,0,0,0,0,0,11,0,0,0,샘플링,11,1.0,11.0
0,0,0,0,0,0,0,0,0,0,0,0,0,0,0,0,0,11,기저,11,1.0,11.0
0,0,0,10,0,0,0,0,0,0,0,0,0,0,0,0,0,0,안정국,10,1.0,10.0
0,10,0,0,0,0,0,0,0,0,0,0,0,0,0,0,0,0,비비,10,1.0,10.0
0,0,0,0,0,0,0,0,0,0,0,0,0,0,10,0,0,0,개반,10,1.0,10.0
0,0,0,0,0,0,0,0,0,0,0,0,0,0,0,0,0,10,혼인,10,1.0,10.0
0,0,0,9,0,0,0,0,0,0,0,0,0,0,0,0,0,0,평준화,9,1.0,9.0
0,0,0,0,0,0,0,0,0,0,0,0,1,0,0,0,1,0,팔고,2,2.0,8.0
0,0,0,0,0,1,0,0,0,0,0,0,1,0,0,0,0,0,긍지,2,2.0,8.0
0,0,0,0,0,0,0,0,0,1,0,1,0,0,0,0,0,0,정당성,2,2.0,8.0
0,0,0,0,0,0,0,0,0,0,1,0,1,0,0,0,0,0,난리,2,2.0,8.0
0,0,0,0,1,0,0,0,0,1,0,0,0,0,0,0,0,0,필,2,2.0,8.0
0,1,0,1,0,0,0,0,0,0,0,0,0,0,0,0,0,0,기여,2,2.0,8.0
1,0,0,0,0,0,0,0,1,0,0,0,0,0,0,0,0,0,일해,2,2.0,8.0
1,0,0,1,0,0,0,0,0,0,0,0,0,0,0,0,0,0,나름,2,2.0,8.0
0,0,0,0,0,0,0,0,0,0,1,0,0,0,0,1,0,0,동아일보,2,2.0,8.0
0,0,0,0,0,0,0,1,0,0,0,0,0,1,0,0,0,0,실효,2,2.0,8.0
0,0,0,0,0,0,0,1,0,0,1,0,0,0,0,0,0,0,찍기,2,2.0,8.0
1,0,0,0,0,0,0,0,0,0,0,0,0,0,0,0,1,0,예약,2,2.0,8.0
0,0,0,0,0,0,0,1,0,0,1,0,0,0,0,0,0,0,울,2,2.0,8.0
0,1,0,0,0,0,0,0,1,0,0,0,0,0,0,0,0,0,현행법,2,2.0,8.0
0,1,0,1,0,0,0,0,0,0,0,0,0,0,0,0,0,0,잡기,2,2.0,8.0
0,0,0,0,0,0,0,0,0,0,0,0,1,0,0,0,0,1,중고,2,2.0,8.0
0,0,0,0,0,0,0,0,0,0,0,1,0,1,0,0,0,0,외치,2,2.0,8.0
1,0,0,0,1,0,0,0,0,0,0,0,0,0,0,0,0,0,감기,2,2.0,8.0
1,0,0,0,0,0,0,0,1,0,0,0,0,0,0,0,0,0,고충,2,2.0,8.0
0,1,0,0,0,0,0,0,0,0,0,1,0,0,0,0,0,0,근접,2,2.0,8.0
1,0,0,0,0,0,0,0,0,0,0,0,0,0,0,0,1,0,막상,2,2.0,8.0
0,0,0,0,0,0,1,0,0,0,0,0,0,0,0,0,1,0,시간대,2,2.0,8.0
0,0,0,0,0,0,0,0,0,0,0,1,1,0,0,0,0,0,충성,2,2.0,8.0
0,0,0,0,0,1,0,0,0,0,0,1,0,0,0,0,0,0,대적,2,2.0,8.0
0,0,0,0,0,1,1,0,0,0,0,0,0,0,0,0,0,0,태극기,2,2.0,8.0
1,0,0,0,0,0,0,0,0,0,0,0,0,0,0,0,0,1,종종,2,2.0,8.0
0,0,0,0,0,0,0,1,1,0,0,0,0,0,0,0,0,0,반박,2,2.0,8.0
0,0,0,0,0,0,0,0,0,0,0,1,0,0,0,0,0,1,도발,2,2.0,8.0
0,0,0,0,1,0,0,0,0,0,0,1,0,0,0,0,0,0,심정지,2,2.0,8.0
0,1,0,0,0,0,0,0,1,0,0,0,0,0,0,0,0,0,이상만,2,2.0,8.0
0,0,0,0,0,0,0,1,0,0,0,0,0,1,0,0,0,0,등장,2,2.0,8.0
0,1,0,0,0,0,0,0,0,0,1,0,0,0,0,0,0,0,클럽,2,2.0,8.0
1,0,0,0,0,0,0,0,0,0,0,0,1,0,0,0,0,0,통장,2,2.0,8.0
0,0,0,1,0,0,0,0,0,0,0,1,0,0,0,0,0,0,희생양,2,2.0,8.0
0,0,0,1,0,0,0,0,0,0,0,1,0,0,0,0,0,0,일감,2,2.0,8.0
1,0,0,0,0,0,0,0,0,1,0,0,0,0,0,0,0,0,실장,2,2.0,8.0
0,0,0,0,0,0,0,1,0,0,0,1,0,0,0,0,0,0,오기,2,2.0,8.0
0,0,0,1,0,0,0,0,0,0,0,0,1,0,0,0,0,0,소망,2,2.0,8.0
0,0,0,1,1,0,0,0,0,0,0,0,0,0,0,0,0,0,법칙,2,2.0,8.0
0,0,0,0,0,0,0,0,8,0,0,0,0,0,0,0,0,0,가제,8,1.0,8.0
8,0,0,0,0,0,0,0,0,0,0,0,0,0,0,0,0,0,계급,8,1.0,8.0
0,0,0,0,0,0,0,0,8,0,0,0,0,0,0,0,0,0,대여,8,1.0,8.0
0,8,0,0,0,0,0,0,0,0,0,0,0,0,0,0,0,0,비탄,8,1.0,8.0
0,0,0,0,0,0,0,0,0,0,0,0,0,0,0,8,0,0,에이즈,8,1.0,8.0
0,0,0,0,0,0,0,0,0,0,0,0,0,0,0,0,0,8,종전,8,1.0,8.0
0,0,0,0,0,0,0,8,0,0,0,0,0,0,0,0,0,0,아래층,8,1.0,8.0
0,0,0,0,0,0,0,0,0,0,0,0,0,0,8,0,0,0,매국,8,1.0,8.0
8,0,0,0,0,0,0,0,0,0,0,0,0,0,0,0,0,0,학제,8,1.0,8.0
0,0,0,0,0,0,0,0,0,0,0,8,0,0,0,0,0,0,뭉개,8,1.0,8.0
0,7,0,0,0,0,0,0,0,0,0,0,0,0,0,0,0,0,서바이벌,7,1.0,7.0
0,7,0,0,0,0,0,0,0,0,0,0,0,0,0,0,0,0,위력,7,1.0,7.0
0,0,0,0,0,0,0,0,0,0,0,0,0,0,0,7,0,0,웹하드,7,1.0,7.0
0,0,0,0,0,0,0,7,0,0,0,0,0,0,0,0,0,0,안병,7,1.0,7.0
0,0,0,0,0,0,0,0,0,0,0,0,0,0,7,0,0,0,셀,7,1.0,7.0
0,0,0,0,0,0,0,0,7,0,0,0,0,0,0,0,0,0,강동구청,7,1.0,7.0
0,7,0,0,0,0,0,0,0,0,0,0,0,0,0,0,0,0,농촌,7,1.0,7.0
0,0,0,0,0,0,0,0,7,0,0,0,0,0,0,0,0,0,응답,7,1.0,7.0
0,0,0,0,0,0,0,0,0,0,0,0,0,0,7,0,0,0,네이처,7,1.0,7.0
0,0,0,0,7,0,0,0,0,0,0,0,0,0,0,0,0,0,경련,7,1.0,7.0
0,0,0,0,0,0,0,0,0,0,0,0,0,0,7,0,0,0,계란,7,1.0,7.0
0,0,0,0,0,0,0,0,0,0,0,0,7,0,0,0,0,0,판교,7,1.0,7.0
0,0,0,0,0,0,0,0,0,7,0,0,0,0,0,0,0,0,안양시장,7,1.0,7.0
0,0,0,0,0,0,0,0,0,7,0,0,0,0,0,0,0,0,소취하,7,1.0,7.0
0,0,0,0,0,0,0,0,0,0,0,0,0,0,6,0,0,0,평가자,6,1.0,6.0
0,0,0,0,0,6,0,0,0,0,0,0,0,0,0,0,0,0,레인보우,6,1.0,6.0
0,0,0,0,0,0,0,0,0,0,0,0,0,0,0,0,0,6,베트맨,6,1.0,6.0
0,0,0,0,0,0,0,0,0,0,0,0,0,0,0,0,0,6,구글,6,1.0,6.0
0,0,0,0,0,0,0,0,6,0,0,0,0,0,0,0,0,0,출판사,6,1.0,6.0
0,0,0,0,0,0,0,0,0,0,0,0,0,0,6,0,0,0,수출,6,1.0,6.0
0,0,0,0,0,0,0,0,6,0,0,0,0,0,0,0,0,0,옥상,6,1.0,6.0
6,0,0,0,0,0,0,0,0,0,0,0,0,0,0,0,0,0,간소화,6,1.0,6.0
0,6,0,0,0,0,0,0,0,0,0,0,0,0,0,0,0,0,발사,6,1.0,6.0
0,0,0,0,0,6,0,0,0,0,0,0,0,0,0,0,0,0,합창단,6,1.0,6.0
0,0,0,0,0,0,0,0,0,0,0,0,0,0,6,0,0,0,정찬,6,1.0,6.0
0,0,0,0,0,0,0,0,0,0,0,0,6,0,0,0,0,0,임대료,6,1.0,6.0
0,0,0,0,0,0,0,6,0,0,0,0,0,0,0,0,0,0,안국,6,1.0,6.0
0,0,0,0,0,0,0,0,6,0,0,0,0,0,0,0,0,0,독서,6,1.0,6.0
0,0,0,0,0,0,0,0,0,0,0,0,0,0,5,0,0,0,줄기세포,5,1.0,5.0
0,0,0,5,0,0,0,0,0,0,0,0,0,0,0,0,0,0,광,5,1.0,5.0
0,0,0,0,0,0,0,0,0,0,0,0,0,0,0,0,0,5,짝꿍,5,1.0,5.0
0,0,0,0,0,0,0,0,0,0,0,0,0,0,5,0,0,0,달리기,5,1.0,5.0
0,0,0,0,0,0,0,0,0,0,0,0,0,0,0,0,0,5,동거,5,1.0,5.0
0,0,0,0,0,0,0,0,0,0,0,0,0,0,0,5,0,0,차별금지법,5,1.0,5.0
0,0,0,0,0,0,0,5,0,0,0,0,0,0,0,0,0,0,홍채,5,1.0,5.0
0,0,0,0,0,0,0,0,0,0,0,0,0,0,0,5,0,0,보행자,5,1.0,5.0
0,0,0,0,0,0,0,0,0,0,0,0,0,0,5,0,0,0,앞잡이,5,1.0,5.0
0,0,0,0,0,0,0,0,0,0,0,0,0,0,0,5,0,0,도덕,5,1.0,5.0
0,0,0,0,0,0,0,0,0,0,0,0,0,0,5,0,0,0,편성,5,1.0,5.0
0,0,0,0,0,0,0,0,0,0,0,0,0,0,0,0,0,5,장시간,5,1.0,5.0
0,0,0,0,0,0,0,0,0,0,0,0,0,0,5,0,0,0,실용,5,1.0,5.0
0,0,0,0,0,0,0,0,0,0,0,0,0,0,0,5,0,0,로더,5,1.0,5.0
0,0,0,0,0,0,0,5,0,0,0,0,0,0,0,0,0,0,치안감,5,1.0,5.0
5,0,0,0,0,0,0,0,0,0,0,0,0,0,0,0,0,0,순경,5,1.0,5.0
0,0,0,0,5,0,0,0,0,0,0,0,0,0,0,0,0,0,방산,5,1.0,5.0
0,0,0,0,0,0,0,0,0,0,0,0,0,0,0,5,0,0,삭발,5,1.0,5.0
0,0,0,0,0,0,0,0,0,0,0,0,0,0,5,0,0,0,첨단,5,1.0,5.0
5,0,0,0,0,0,0,0,0,0,0,0,0,0,0,0,0,0,주선,5,1.0,5.0
0,0,0,0,0,0,0,0,0,0,0,0,0,0,0,0,5,0,이단,5,1.0,5.0
0,0,0,0,0,0,0,0,0,0,0,0,0,0,0,0,0,5,구상,5,1.0,5.0
0,0,0,0,0,0,0,0,0,0,0,0,0,0,0,4,0,0,바퀴,4,1.0,4.0
0,0,0,0,0,0,0,0,0,0,0,0,0,0,4,0,0,0,짱깨,4,1.0,4.0
0,0,0,0,0,0,0,0,0,0,0,0,0,0,0,0,0,4,탐험,4,1.0,4.0
0,0,0,0,0,0,0,0,0,0,4,0,0,0,0,0,0,0,욱일기,4,1.0,4.0
0,0,0,0,0,0,0,0,0,0,0,0,0,0,4,0,0,0,박사,4,1.0,4.0
0,0,0,0,0,0,0,0,0,0,0,0,4,0,0,0,0,0,공임,4,1.0,4.0
4,0,0,0,0,0,0,0,0,0,0,0,0,0,0,0,0,0,경정,4,1.0,4.0
0,0,0,0,0,0,0,0,0,0,0,0,0,0,4,0,0,0,과학자,4,1.0,4.0
0,0,0,0,0,0,0,0,4,0,0,0,0,0,0,0,0,0,폐업,4,1.0,4.0
0,0,0,0,0,0,0,0,0,0,0,0,0,0,0,0,0,4,혼인신고,4,1.0,4.0
0,0,0,0,0,0,0,0,0,0,0,0,0,0,0,0,0,4,캠프,4,1.0,4.0
0,0,0,0,0,0,0,0,0,0,0,0,0,4,0,0,0,0,간통죄,4,1.0,4.0
0,0,0,0,0,0,0,0,4,0,0,0,0,0,0,0,0,0,서량,4,1.0,4.0
0,4,0,0,0,0,0,0,0,0,0,0,0,0,0,0,0,0,모형,4,1.0,4.0
0,0,0,0,0,0,0,0,0,0,0,0,0,0,0,4,0,0,동성애자,4,1.0,4.0
0,0,0,0,0,0,0,4,0,0,0,0,0,0,0,0,0,0,광주시,4,1.0,4.0
0,0,0,0,0,0,0,0,0,0,0,0,0,0,0,0,0,4,동반,4,1.0,4.0
0,0,0,0,0,0,0,0,0,0,0,0,0,0,4,0,0,0,은수미,4,1.0,4.0
0,0,0,0,0,0,0,0,4,0,0,0,0,0,0,0,0,0,서적,4,1.0,4.0
0,0,0,0,0,0,0,0,0,0,0,0,0,0,4,0,0,0,연골,4,1.0,4.0
0,0,0,0,0,0,0,0,0,0,0,4,0,0,0,0,0,0,감자탕,4,1.0,4.0
0,0,0,0,0,0,0,0,0,0,0,0,0,0,0,4,0,0,맨인블랙,4,1.0,4.0
0,4,0,0,0,0,0,0,0,0,0,0,0,0,0,0,0,0,장구,4,1.0,4.0
0,0,0,0,0,0,0,0,0,0,0,0,4,0,0,0,0,0,세차,4,1.0,4.0
0,0,0,0,0,0,0,0,0,0,0,0,0,0,0,4,0,0,박스,4,1.0,4.0
0,4,0,0,0,0,0,0,0,0,0,0,0,0,0,0,0,0,인신매매,4,1.0,4.0
0,0,0,0,0,0,0,4,0,0,0,0,0,0,0,0,0,0,보훈처,4,1.0,4.0
0,0,0,0,0,0,0,0,0,0,0,0,0,0,0,4,0,0,위험천만,4,1.0,4.0
0,0,0,0,0,0,0,4,0,0,0,0,0,0,0,0,0,0,본분,4,1.0,4.0
0,0,0,0,0,0,0,0,0,0,0,0,0,0,4,0,0,0,조선족,4,1.0,4.0
0,0,0,0,0,0,0,0,0,0,0,0,0,0,0,0,0,4,자투리,4,1.0,4.0
0,0,0,0,0,0,0,0,0,0,0,0,0,0,4,0,0,0,불충분,4,1.0,4.0
0,0,0,0,0,0,0,0,0,0,0,0,0,0,0,0,0,4,하교,4,1.0,4.0
0,0,0,0,0,0,0,0,0,0,0,0,4,0,0,0,0,0,난임,4,1.0,4.0
0,0,0,4,0,0,0,0,0,0,0,0,0,0,0,0,0,0,의학,4,1.0,4.0
0,0,0,0,0,0,0,0,0,0,0,0,0,0,3,0,0,0,제조업,3,1.0,3.0
0,0,0,0,0,0,0,0,0,0,0,0,0,0,3,0,0,0,계곡,3,1.0,3.0
0,0,0,0,0,0,0,0,0,0,0,0,0,0,0,0,0,3,비혼,3,1.0,3.0
0,0,0,0,0,0,0,0,0,0,3,0,0,0,0,0,0,0,공연음란죄,3,1.0,3.0
0,0,0,0,0,0,0,0,0,0,0,0,0,0,3,0,0,0,교구,3,1.0,3.0
0,0,0,0,0,0,0,0,0,0,0,0,0,0,3,0,0,0,코마,3,1.0,3.0
0,3,0,0,0,0,0,0,0,0,0,0,0,0,0,0,0,0,형량,3,1.0,3.0
0,0,0,0,0,0,0,0,3,0,0,0,0,0,0,0,0,0,길고양이,3,1.0,3.0
0,0,0,0,0,0,0,3,0,0,0,0,0,0,0,0,0,0,층간소음,3,1.0,3.0
0,0,0,0,0,3,0,0,0,0,0,0,0,0,0,0,0,0,참전,3,1.0,3.0
0,0,0,0,0,0,0,0,0,0,0,0,0,0,3,0,0,0,불치,3,1.0,3.0
0,0,0,0,0,0,0,0,0,0,0,0,0,0,0,3,0,0,교통사고처리특례법,3,1.0,3.0
0,0,0,0,0,0,0,0,0,0,0,0,0,0,0,3,0,0,동성혼,3,1.0,3.0
0,0,0,0,0,0,0,0,0,0,0,0,0,0,3,0,0,0,트레이드,3,1.0,3.0
0,0,0,0,0,0,0,0,0,0,0,0,0,0,3,0,0,0,추어,3,1.0,3.0
3,0,0,0,0,0,0,0,0,0,0,0,0,0,0,0,0,0,오프,3,1.0,3.0
0,0,0,0,0,0,0,0,0,0,0,0,0,0,3,0,0,0,무작위,3,1.0,3.0
0,0,0,0,0,0,0,0,0,0,0,0,0,0,3,0,0,0,비로소,3,1.0,3.0
0,0,0,0,0,0,0,0,0,0,0,0,0,0,0,3,0,0,전세버스,3,1.0,3.0
0,0,0,0,0,0,0,0,0,0,0,0,0,0,0,0,0,3,색종이,3,1.0,3.0
0,0,0,0,0,0,0,3,0,0,0,0,0,0,0,0,0,0,신군부,3,1.0,3.0
0,0,0,0,0,0,0,0,0,0,0,0,0,0,3,0,0,0,김연아,3,1.0,3.0
0,3,0,0,0,0,0,0,0,0,0,0,0,0,0,0,0,0,총각,3,1.0,3.0
0,0,0,0,0,0,3,0,0,0,0,0,0,0,0,0,0,0,조현민,3,1.0,3.0
0,0,0,0,0,0,0,0,0,0,0,0,0,0,0,3,0,0,횡단보도,3,1.0,3.0
0,3,0,0,0,0,0,0,0,0,0,0,0,0,0,0,0,0,적령,3,1.0,3.0
0,0,0,0,0,0,0,0,0,0,0,0,0,0,0,3,0,0,김해,3,1.0,3.0
3,0,0,0,0,0,0,0,0,0,0,0,0,0,0,0,0,0,빈,3,1.0,3.0
0,0,0,0,0,0,0,0,0,0,0,0,0,0,0,0,0,3,지명,3,1.0,3.0
0,0,0,3,0,0,0,0,0,0,0,0,0,0,0,0,0,0,호황,3,1.0,3.0
0,0,0,0,0,0,0,0,0,0,0,0,0,0,0,3,0,0,국무회의,3,1.0,3.0
0,0,0,0,0,0,0,0,0,0,0,0,0,0,3,0,0,0,확율,3,1.0,3.0
0,0,0,0,0,0,0,0,0,0,3,0,0,0,0,0,0,0,랜드,3,1.0,3.0
3,0,0,0,0,0,0,0,0,0,0,0,0,0,0,0,0,0,실비,3,1.0,3.0
0,3,0,0,0,0,0,0,0,0,0,0,0,0,0,0,0,0,사격,3,1.0,3.0
0,0,0,0,0,0,0,0,0,0,0,0,0,0,3,0,0,0,평상,3,1.0,3.0
0,0,0,0,0,0,0,0,0,0,0,0,0,0,3,0,0,0,성남시장,3,1.0,3.0
0,0,0,0,0,0,0,0,0,0,3,0,0,0,0,0,0,0,춤,3,1.0,3.0
0,0,0,0,0,0,0,0,0,0,0,3,0,0,0,0,0,0,뼈,3,1.0,3.0
0,0,0,0,0,0,0,0,3,0,0,0,0,0,0,0,0,0,체감,3,1.0,3.0
0,0,0,0,0,0,0,0,3,0,0,0,0,0,0,0,0,0,문학,3,1.0,3.0
0,0,0,3,0,0,0,0,0,0,0,0,0,0,0,0,0,0,상가,3,1.0,3.0
0,0,0,0,0,0,0,0,0,3,0,0,0,0,0,0,0,0,측근,3,1.0,3.0
0,3,0,0,0,0,0,0,0,0,0,0,0,0,0,0,0,0,고글,3,1.0,3.0
0,0,0,0,0,0,0,3,0,0,0,0,0,0,0,0,0,0,화장,3,1.0,3.0
0,0,0,3,0,0,0,0,0,0,0,0,0,0,0,0,0,0,통영시,3,1.0,3.0
0,0,0,0,0,0,0,0,0,0,0,0,0,0,3,0,0,0,재생,3,1.0,3.0
0,0,0,0,0,0,0,0,0,0,0,3,0,0,0,0,0,0,베테,3,1.0,3.0
0,0,0,3,0,0,0,0,0,0,0,0,0,0,0,0,0,0,조선해,3,1.0,3.0
0,0,0,0,0,0,0,0,0,0,0,0,0,0,0,3,0,0,젠더,3,1.0,3.0
0,0,0,0,0,0,0,0,0,0,0,0,3,0,0,0,0,0,리스크,3,1.0,3.0
0,0,0,0,0,0,0,0,0,0,0,0,0,0,3,0,0,0,진주시,3,1.0,3.0
0,0,0,0,0,0,0,0,0,0,0,0,0,0,3,0,0,0,김형진,3,1.0,3.0
0,0,0,0,0,0,0,3,0,0,0,0,0,0,0,0,0,0,안장,3,1.0,3.0
0,0,0,0,0,0,0,0,3,0,0,0,0,0,0,0,0,0,도매,3,1.0,3.0
0,3,0,0,0,0,0,0,0,0,0,0,0,0,0,0,0,0,전투,3,1.0,3.0
0,0,0,0,0,0,0,0,0,0,0,0,3,0,0,0,0,0,익,3,1.0,3.0
0,0,0,0,0,0,0,0,0,0,0,0,0,0,3,0,0,0,수영,3,1.0,3.0
0,0,0,0,0,0,0,0,0,0,0,0,0,0,0,0,0,3,은닉,3,1.0,3.0
0,0,0,0,0,0,0,0,0,0,0,0,0,0,3,0,0,0,전량,3,1.0,3.0
0,0,0,0,0,0,0,0,0,0,0,0,0,0,3,0,0,0,시료,3,1.0,3.0
0,0,0,0,0,0,0,0,0,0,0,0,0,0,0,0,0,3,베이스,3,1.0,3.0
0,0,0,0,0,0,0,0,0,0,0,0,0,0,0,3,0,0,동성결혼,3,1.0,3.0
0,0,0,0,0,0,0,0,0,3,0,0,0,0,0,0,0,0,죗값,3,1.0,3.0
0,0,0,0,0,0,0,0,0,0,0,0,0,0,3,0,0,0,획기,3,1.0,3.0
3,0,0,0,0,0,0,0,0,0,0,0,0,0,0,0,0,0,라벨,3,1.0,3.0
0,0,0,0,3,0,0,0,0,0,0,0,0,0,0,0,0,0,환,3,1.0,3.0
0,0,0,0,0,0,0,0,0,3,0,0,0,0,0,0,0,0,역임,3,1.0,3.0
0,0,0,0,0,0,0,0,0,0,0,0,0,0,0,0,3,0,조성자,3,1.0,3.0
3,0,0,0,0,0,0,0,0,0,0,0,0,0,0,0,0,0,멸시,3,1.0,3.0
0,0,0,0,0,0,0,0,0,0,0,3,0,0,0,0,0,0,렉카,3,1.0,3.0
0,0,0,0,0,0,0,0,0,0,0,3,0,0,0,0,0,0,라텍스,3,1.0,3.0
0,0,0,0,0,0,0,0,0,0,0,0,0,0,3,0,0,0,교재,3,1.0,3.0
0,0,0,3,0,0,0,0,0,0,0,0,0,0,0,0,0,0,광일고,3,1.0,3.0
0,0,0,0,0,0,0,0,3,0,0,0,0,0,0,0,0,0,상여금,3,1.0,3.0
2,0,0,0,0,0,0,0,0,0,0,0,0,0,0,0,0,0,금기,2,1.0,2.0
0,0,0,0,0,0,0,0,0,0,0,0,0,2,0,0,0,0,제철,2,1.0,2.0
0,0,0,0,0,0,0,0,0,0,0,0,0,0,0,0,0,2,창녀,2,1.0,2.0
0,0,0,0,0,0,0,0,0,0,0,0,0,0,0,0,2,0,신도,2,1.0,2.0
2,0,0,0,0,0,0,0,0,0,0,0,0,0,0,0,0,0,콜사,2,1.0,2.0
0,0,0,0,0,0,0,0,0,0,0,0,0,0,0,0,0,2,애착,2,1.0,2.0
0,0,0,0,0,0,0,0,0,0,0,0,0,0,0,0,0,2,핸디캡,2,1.0,2.0
0,0,0,0,0,0,0,0,0,0,0,0,0,0,0,0,2,0,장로회,2,1.0,2.0
0,0,0,0,0,0,0,0,0,2,0,0,0,0,0,0,0,0,안양,2,1.0,2.0
0,0,0,0,0,0,0,0,0,0,0,0,2,0,0,0,0,0,꼼수,2,1.0,2.0
0,0,0,0,0,0,0,2,0,0,0,0,0,0,0,0,0,0,추서,2,1.0,2.0
0,2,0,0,0,0,0,0,0,0,0,0,0,0,0,0,0,0,무면허,2,1.0,2.0
0,0,0,0,0,0,0,0,0,0,0,0,0,0,0,2,0,0,농성,2,1.0,2.0
0,0,0,0,0,0,0,0,0,0,0,2,0,0,0,0,0,0,자택,2,1.0,2.0
2,0,0,0,0,0,0,0,0,0,0,0,0,0,0,0,0,0,컬,2,1.0,2.0
0,0,0,0,0,0,0,0,0,0,0,0,0,0,0,0,2,0,평일,2,1.0,2.0
0,2,0,0,0,0,0,0,0,0,0,0,0,0,0,0,0,0,세뇌,2,1.0,2.0
0,2,0,0,0,0,0,0,0,0,0,0,0,0,0,0,0,0,맞선,2,1.0,2.0
0,0,0,0,0,0,0,0,0,0,0,0,0,0,0,2,0,0,정면,2,1.0,2.0
0,0,0,0,0,0,0,0,0,2,0,0,0,0,0,0,0,0,해산,2,1.0,2.0
0,0,0,0,0,0,0,0,0,0,0,0,0,0,0,2,0,0,누님,2,1.0,2.0
0,0,0,2,0,0,0,0,0,0,0,0,0,0,0,0,0,0,휘,2,1.0,2.0
0,0,0,0,0,0,2,0,0,0,0,0,0,0,0,0,0,0,땅콩,2,1.0,2.0
0,0,0,0,0,0,0,0,0,0,0,0,2,0,0,0,0,0,시세,2,1.0,2.0
2,0,0,0,0,0,0,0,0,0,0,0,0,0,0,0,0,0,신중,2,1.0,2.0
0,0,0,0,0,0,0,0,0,0,0,0,2,0,0,0,0,0,횟수,2,1.0,2.0
2,0,0,0,0,0,0,0,0,0,0,0,0,0,0,0,0,0,말기,2,1.0,2.0
0,0,0,0,0,0,0,2,0,0,0,0,0,0,0,0,0,0,보안사,2,1.0,2.0
0,0,0,0,0,0,0,0,0,0,2,0,0,0,0,0,0,0,슬금,2,1.0,2.0
0,0,0,0,0,0,2,0,0,0,0,0,0,0,0,0,0,0,회항,2,1.0,2.0
0,2,0,0,0,0,0,0,0,0,0,0,0,0,0,0,0,0,사하구,2,1.0,2.0
0,0,0,0,0,0,0,0,0,0,2,0,0,0,0,0,0,0,추세,2,1.0,2.0
0,0,0,0,0,0,0,0,0,0,0,0,0,0,0,0,0,2,자립,2,1.0,2.0
2,0,0,0,0,0,0,0,0,0,0,0,0,0,0,0,0,0,비소,2,1.0,2.0
0,0,0,0,0,0,0,0,0,0,0,0,0,0,0,0,0,2,소진,2,1.0,2.0
0,0,0,0,0,0,0,0,2,0,0,0,0,0,0,0,0,0,할인,2,1.0,2.0
0,2,0,0,0,0,0,0,0,0,0,0,0,0,0,0,0,0,방탄모,2,1.0,2.0
0,0,0,0,0,0,0,0,0,0,0,0,0,0,2,0,0,0,당선,2,1.0,2.0
0,0,0,0,0,0,0,0,0,0,0,0,0,0,0,0,0,2,사체,2,1.0,2.0
0,0,0,0,0,0,0,0,0,0,0,0,2,0,0,0,0,0,당첨,2,1.0,2.0
2,0,0,0,0,0,0,0,0,0,0,0,0,0,0,0,0,0,원상회복,2,1.0,2.0
0,2,0,0,0,0,0,0,0,0,0,0,0,0,0,0,0,0,칭송,2,1.0,2.0
0,0,0,0,0,0,0,0,0,0,0,0,2,0,0,0,0,0,방위,2,1.0,2.0
0,0,0,0,0,0,0,0,2,0,0,0,0,0,0,0,0,0,고량,2,1.0,2.0
0,0,0,0,0,0,0,0,0,0,0,0,0,0,2,0,0,0,위원,2,1.0,2.0
0,0,0,0,0,0,0,0,0,0,0,0,0,0,0,0,2,0,옥,2,1.0,2.0
0,0,0,2,0,0,0,0,0,0,0,0,0,0,0,0,0,0,면담,2,1.0,2.0
0,0,0,0,0,0,0,0,0,0,0,0,0,0,2,0,0,0,용지,2,1.0,2.0
0,0,0,0,0,0,0,0,0,0,0,2,0,0,0,0,0,0,요금인상,2,1.0,2.0
0,0,0,0,0,0,0,2,0,0,0,0,0,0,0,0,0,0,파운데이션,2,1.0,2.0
0,2,0,0,0,0,0,0,0,0,0,0,0,0,0,0,0,0,학비,2,1.0,2.0
0,0,0,0,0,0,0,0,0,0,0,0,0,2,0,0,0,0,시어머니,2,1.0,2.0
0,0,0,0,0,0,0,0,0,0,0,0,0,0,2,0,0,0,부인,2,1.0,2.0
0,2,0,0,0,0,0,0,0,0,0,0,0,0,0,0,0,0,경남,2,1.0,2.0
0,0,0,0,0,0,0,0,2,0,0,0,0,0,0,0,0,0,동물복지,2,1.0,2.0
0,0,0,0,0,0,0,0,0,0,0,0,0,0,2,0,0,0,토막,2,1.0,2.0
2,0,0,0,0,0,0,0,0,0,0,0,0,0,0,0,0,0,구실,2,1.0,2.0
0,0,0,0,2,0,0,0,0,0,0,0,0,0,0,0,0,0,다이소,2,1.0,2.0
0,0,0,0,0,0,0,0,0,0,0,0,0,0,0,2,0,0,전방,2,1.0,2.0
2,0,0,0,0,0,0,0,0,0,0,0,0,0,0,0,0,0,운송업,2,1.0,2.0
0,0,0,0,0,0,0,0,0,0,0,0,2,0,0,0,0,0,소모품,2,1.0,2.0
0,0,0,0,0,0,0,0,0,0,0,0,0,0,0,0,0,2,임태훈,2,1.0,2.0
0,0,0,0,0,0,0,0,0,0,0,0,0,0,2,0,0,0,퇴치,2,1.0,2.0
0,0,0,0,0,0,0,2,0,0,0,0,0,0,0,0,0,0,후유증,2,1.0,2.0
0,2,0,0,0,0,0,0,0,0,0,0,0,0,0,0,0,0,원문,2,1.0,2.0
0,0,0,0,0,0,0,0,0,0,0,0,0,2,0,0,0,0,호차,2,1.0,2.0
0,0,0,0,0,0,0,0,0,0,0,0,0,0,0,2,0,0,세부,2,1.0,2.0
0,0,0,0,0,0,0,0,0,0,0,0,0,0,2,0,0,0,정복,2,1.0,2.0
0,0,0,0,0,0,0,0,0,0,0,0,0,0,2,0,0,0,버거씨병,2,1.0,2.0
0,0,0,0,0,0,0,0,0,0,0,0,2,0,0,0,0,0,건보,2,1.0,2.0
0,0,0,2,0,0,0,0,0,0,0,0,0,0,0,0,0,0,계고,2,1.0,2.0
0,0,0,0,0,0,0,0,2,0,0,0,0,0,0,0,0,0,장르,2,1.0,2.0
0,0,0,0,0,0,0,0,0,0,0,0,0,0,2,0,0,0,난치병,2,1.0,2.0
0,0,0,0,0,0,0,0,0,0,0,0,0,0,0,0,2,0,섬,2,1.0,2.0
0,0,0,0,0,0,0,0,0,0,0,0,0,0,2,0,0,0,자치,2,1.0,2.0
0,0,0,0,0,0,0,0,0,0,2,0,0,0,0,0,0,0,발뺌,2,1.0,2.0
2,0,0,0,0,0,0,0,0,0,0,0,0,0,0,0,0,0,할증,2,1.0,2.0
0,0,0,0,0,0,0,0,0,0,0,0,2,0,0,0,0,0,부영,2,1.0,2.0
0,0,0,0,0,2,0,0,0,0,0,0,0,0,0,0,0,0,투표소,2,1.0,2.0
0,0,0,2,0,0,0,0,0,0,0,0,0,0,0,0,0,0,장휘국,2,1.0,2.0
0,2,0,0,0,0,0,0,0,0,0,0,0,0,0,0,0,0,실총,2,1.0,2.0
0,0,0,0,0,0,0,0,0,0,0,0,0,0,0,2,0,0,부평,2,1.0,2.0
0,0,0,0,0,0,0,0,0,0,0,0,0,0,0,0,0,2,베팅,2,1.0,2.0
0,0,0,0,0,0,0,0,0,0,0,0,0,0,2,0,0,0,알바,2,1.0,2.0
0,0,0,0,0,0,0,0,0,0,0,0,0,0,0,2,0,0,도주,2,1.0,2.0
0,0,0,0,0,0,0,0,0,0,0,0,0,0,0,2,0,0,방송사,2,1.0,2.0
0,0,0,0,0,0,0,0,0,0,0,0,2,0,0,0,0,0,주소,2,1.0,2.0
0,2,0,0,0,0,0,0,0,0,0,0,0,0,0,0,0,0,포츠,2,1.0,2.0
2,0,0,0,0,0,0,0,0,0,0,0,0,0,0,0,0,0,여로,2,1.0,2.0
0,0,0,0,0,0,0,0,0,0,2,0,0,0,0,0,0,0,탁자,2,1.0,2.0
0,0,0,0,0,0,0,0,0,0,0,2,0,0,0,0,0,0,관련성,2,1.0,2.0
0,0,0,0,0,0,0,0,2,0,0,0,0,0,0,0,0,0,소유권,2,1.0,2.0
0,0,0,0,0,0,2,0,0,0,0,0,0,0,0,0,0,0,조씨,2,1.0,2.0
0,0,0,0,0,0,0,2,0,0,0,0,0,0,0,0,0,0,리스트,2,1.0,2.0
0,2,0,0,0,0,0,0,0,0,0,0,0,0,0,0,0,0,방탄복,2,1.0,2.0
0,0,0,0,0,0,0,2,0,0,0,0,0,0,0,0,0,0,차림새,2,1.0,2.0
0,0,0,0,0,0,0,0,0,0,0,0,0,2,0,0,0,0,셀프,2,1.0,2.0
0,2,0,0,0,0,0,0,0,0,0,0,0,0,0,0,0,0,매매혼,2,1.0,2.0
0,0,0,0,0,0,0,0,0,0,0,0,0,0,0,2,0,0,텐트,2,1.0,2.0
0,0,0,0,0,0,0,0,0,0,0,0,0,0,0,0,0,2,퇴직금,2,1.0,2.0
0,0,0,0,0,0,0,0,0,0,0,0,0,0,0,2,0,0,목회자,2,1.0,2.0
0,2,0,0,0,0,0,0,0,0,0,0,0,0,0,0,0,0,쇠,2,1.0,2.0
0,0,0,0,0,0,0,0,0,0,0,0,2,0,0,0,0,0,로또,2,1.0,2.0
0,2,0,0,0,0,0,0,0,0,0,0,0,0,0,0,0,0,중매인,2,1.0,2.0
0,0,0,0,0,0,0,0,0,0,0,0,0,0,2,0,0,0,버거씨,2,1.0,2.0
0,0,0,0,0,0,0,0,0,0,0,0,0,0,0,2,0,0,주정,2,1.0,2.0
0,0,0,0,0,0,0,0,0,0,0,0,2,0,0,0,0,0,물컵,2,1.0,2.0
2,0,0,0,0,0,0,0,0,0,0,0,0,0,0,0,0,0,곰,2,1.0,2.0
0,0,0,0,0,0,0,0,0,0,0,0,0,0,0,2,0,0,이데올로기,2,1.0,2.0
0,0,0,0,0,0,0,0,0,0,0,0,0,0,0,2,0,0,사무실,2,1.0,2.0
0,0,0,0,0,0,0,0,0,0,0,0,0,0,2,0,0,0,비핵화,2,1.0,2.0
0,0,0,0,0,0,0,0,2,0,0,0,0,0,0,0,0,0,소설,2,1.0,2.0
0,0,0,0,0,0,0,0,0,0,0,0,0,0,2,0,0,0,여론몰이,2,1.0,2.0
0,0,0,0,0,0,0,0,0,0,0,0,0,0,0,0,2,0,감시,2,1.0,2.0
0,2,0,0,0,0,0,0,0,0,0,0,0,0,0,0,0,0,레,2,1.0,2.0
0,0,0,0,0,0,0,0,0,0,0,0,0,2,0,0,0,0,방침,2,1.0,2.0
0,0,0,0,0,0,0,0,0,0,0,0,0,0,0,0,0,2,호주제,2,1.0,2.0
0,2,0,0,0,0,0,0,0,0,0,0,0,0,0,0,0,0,치한,2,1.0,2.0
2,0,0,0,0,0,0,0,0,0,0,0,0,0,0,0,0,0,케,2,1.0,2.0
0,0,0,0,0,0,0,0,0,0,0,0,0,0,0,0,0,2,분화,2,1.0,2.0
2,0,0,0,0,0,0,0,0,0,0,0,0,0,0,0,0,0,경장,2,1.0,2.0
0,0,0,0,0,0,0,0,0,0,0,0,0,0,0,0,0,2,육아,2,1.0,2.0
0,0,0,0,0,0,0,0,2,0,0,0,0,0,0,0,0,0,초판,2,1.0,2.0
0,0,0,0,2,0,0,0,0,0,0,0,0,0,0,0,0,0,뇌전증,2,1.0,2.0
0,0,0,0,2,0,0,0,0,0,0,0,0,0,0,0,0,0,목동,2,1.0,2.0
0,0,0,0,0,0,0,0,0,0,0,0,0,0,0,0,2,0,은혜,2,1.0,2.0
0,0,0,2,0,0,0,0,0,0,0,0,0,0,0,0,0,0,보탬,2,1.0,2.0
0,0,0,0,0,0,0,2,0,0,0,0,0,0,0,0,0,0,국립묘지,2,1.0,2.0
0,2,0,0,0,0,0,0,0,0,0,0,0,0,0,0,0,0,질감,2,1.0,2.0
0,0,0,0,0,0,0,0,0,0,0,2,0,0,0,0,0,0,저녁식사,2,1.0,2.0
0,0,0,0,0,0,0,0,0,0,0,0,0,0,2,0,0,0,행성,2,1.0,2.0
0,0,0,0,0,0,0,2,0,0,0,0,0,0,0,0,0,0,쿵쾅,2,1.0,2.0
0,0,0,0,0,0,0,0,0,0,0,0,0,0,0,0,2,0,예수교,2,1.0,2.0
0,0,0,0,0,0,0,0,0,0,0,0,0,0,2,0,0,0,몇개,2,1.0,2.0
0,0,0,2,0,0,0,0,0,0,0,0,0,0,0,0,0,0,운반,2,1.0,2.0
0,0,0,0,0,0,0,0,0,0,0,0,0,0,0,2,0,0,장의사,2,1.0,2.0
2,0,0,0,0,0,0,0,0,0,0,0,0,0,0,0,0,0,경사,2,1.0,2.0
0,0,0,0,0,0,0,2,0,0,0,0,0,0,0,0,0,0,치안본부,2,1.0,2.0
0,0,0,0,2,0,0,0,0,0,0,0,0,0,0,0,0,0,비열,2,1.0,2.0
0,0,0,0,0,0,0,0,0,0,0,0,0,0,0,2,0,0,거행,2,1.0,2.0
0,0,0,0,0,0,0,2,0,0,0,0,0,0,0,0,0,0,유공,2,1.0,2.0
0,0,0,0,0,0,0,0,0,0,2,0,0,0,0,0,0,0,백업,2,1.0,2.0
0,0,0,0,0,0,0,0,0,0,0,0,0,0,2,0,0,0,살인죄,2,1.0,2.0
0,2,0,0,0,0,0,0,0,0,0,0,0,0,0,0,0,0,함정,2,1.0,2.0
0,2,0,0,0,0,0,0,0,0,0,0,0,0,0,0,0,0,부류,2,1.0,2.0
0,0,0,0,0,0,0,0,2,0,0,0,0,0,0,0,0,0,흥업,2,1.0,2.0
0,0,0,0,0,0,0,0,2,0,0,0,0,0,0,0,0,0,털,2,1.0,2.0
0,0,0,0,0,0,0,0,0,0,0,0,0,0,2,0,0,0,반전,2,1.0,2.0
0,0,0,0,0,0,0,0,0,0,0,0,2,0,0,0,0,0,외제차,2,1.0,2.0
0,0,0,0,0,0,0,0,0,0,0,0,0,0,0,0,0,2,규범,2,1.0,2.0
0,0,0,0,0,0,0,0,2,0,0,0,0,0,0,0,0,0,초도,2,1.0,2.0
0,0,0,0,0,0,0,0,0,0,0,0,2,0,0,0,0,0,싸인,2,1.0,2.0
0,0,0,0,0,0,0,0,0,0,0,0,0,0,2,0,0,0,기업인,2,1.0,2.0
0,0,0,0,0,0,0,0,0,0,0,0,0,0,0,2,0,0,사거리,2,1.0,2.0
0,0,0,0,0,0,0,0,0,0,0,2,0,0,0,0,0,0,산둥성,2,1.0,2.0
0,0,0,0,0,0,0,0,0,0,0,0,0,0,2,0,0,0,이준석,2,1.0,2.0
0,0,0,0,0,0,0,0,0,0,0,0,0,0,0,0,0,2,단편,2,1.0,2.0
0,0,0,0,0,0,2,0,0,0,0,0,0,0,0,0,0,0,타임,2,1.0,2.0
0,0,0,0,0,0,0,0,0,0,0,0,0,0,0,0,2,0,휴대,2,1.0,2.0
0,0,0,0,0,0,0,0,2,0,0,0,0,0,0,0,0,0,화산,2,1.0,2.0
0,0,0,0,0,0,0,0,0,0,2,0,0,0,0,0,0,0,갤러리,2,1.0,2.0
2,0,0,0,0,0,0,0,0,0,0,0,0,0,0,0,0,0,재주,2,1.0,2.0
0,0,0,0,0,0,0,0,0,0,0,0,0,0,0,0,0,2,안목,2,1.0,2.0
2,0,0,0,0,0,0,0,0,0,0,0,0,0,0,0,0,0,발송,2,1.0,2.0
0,0,0,0,0,2,0,0,0,0,0,0,0,0,0,0,0,0,후원,2,1.0,2.0
0,0,0,0,0,0,0,0,0,0,0,0,0,0,0,0,0,2,스포츠토토,2,1.0,2.0
0,0,0,0,0,0,0,0,0,0,0,0,0,0,0,0,0,2,진의,2,1.0,2.0
0,0,0,2,0,0,0,0,0,0,0,0,0,0,0,0,0,0,패악,2,1.0,2.0
0,0,0,0,0,0,0,0,0,2,0,0,0,0,0,0,0,0,국회의장,2,1.0,2.0
0,0,0,0,0,0,0,0,0,0,0,0,0,0,0,0,0,2,탕,2,1.0,2.0
0,0,0,0,0,0,0,0,0,0,0,0,0,0,0,2,0,0,미투,2,1.0,2.0
0,0,0,0,0,0,0,0,0,0,0,0,0,0,2,0,0,0,저지,2,1.0,2.0
0,0,0,0,0,0,0,0,0,0,0,0,0,0,0,0,0,2,탐험대,2,1.0,2.0
0,0,0,0,0,0,0,0,2,0,0,0,0,0,0,0,0,0,배본,2,1.0,2.0
0,0,0,0,0,0,0,0,0,2,0,0,0,0,0,0,0,0,누리,2,1.0,2.0
2,0,0,0,0,0,0,0,0,0,0,0,0,0,0,0,0,0,용달,2,1.0,2.0
0,0,0,0,2,0,0,0,0,0,0,0,0,0,0,0,0,0,기각,2,1.0,2.0
0,0,0,0,0,0,0,0,0,0,2,0,0,0,0,0,0,0,놀이기구,2,1.0,2.0
0,0,0,0,0,0,0,2,0,0,0,0,0,0,0,0,0,0,성완종,2,1.0,2.0
0,0,0,0,0,0,0,0,0,0,0,0,0,0,2,0,0,0,파타야,2,1.0,2.0
0,0,0,0,0,0,2,0,0,0,0,0,0,0,0,0,0,0,국익,2,1.0,2.0
0,0,0,0,0,0,0,0,0,0,0,0,0,0,0,0,0,2,아웃,2,1.0,2.0
0,0,0,0,0,0,0,0,0,0,0,0,0,0,0,0,0,2,도살,2,1.0,2.0
0,0,0,0,0,0,0,0,0,2,0,0,0,0,0,0,0,0,본부장,2,1.0,2.0
0,0,0,0,0,0,2,0,0,0,0,0,0,0,0,0,0,0,더욱이,2,1.0,2.0
0,0,0,0,0,0,0,0,0,0,0,0,0,0,2,0,0,0,도법,2,1.0,2.0
0,2,0,0,0,0,0,0,0,0,0,0,0,0,0,0,0,0,구슬,2,1.0,2.0
0,0,0,0,0,0,0,0,0,0,0,0,0,2,0,0,0,0,승무,2,1.0,2.0
0,0,0,0,0,0,0,0,0,0,0,0,0,0,0,0,0,2,가족제도,2,1.0,2.0
0,0,0,0,0,0,0,0,0,0,0,0,0,0,0,2,0,0,개헌,2,1.0,2.0
0,0,0,0,0,0,0,0,0,0,0,0,0,0,0,2,0,0,배하,2,1.0,2.0
0,0,0,0,0,0,0,0,0,2,0,0,0,0,0,0,0,0,특권,2,1.0,2.0
0,0,0,0,0,0,0,0,0,0,0,2,0,0,0,0,0,0,투성이,2,1.0,2.0
0,0,0,2,0,0,0,0,0,0,0,0,0,0,0,0,0,0,구조조정,2,1.0,2.0
0,0,0,0,0,0,0,0,0,0,0,0,0,0,0,2,0,0,불체,2,1.0,2.0
0,0,0,0,1,0,0,0,0,0,0,0,0,0,0,0,0,0,소아마비,1,1.0,1.0
0,0,0,0,1,0,0,0,0,0,0,0,0,0,0,0,0,0,이익단체,1,1.0,1.0
1,0,0,0,0,0,0,0,0,0,0,0,0,0,0,0,0,0,비른,1,1.0,1.0
0,0,0,0,0,0,0,0,0,0,0,1,0,0,0,0,0,0,인대,1,1.0,1.0
0,0,0,0,0,0,0,0,1,0,0,0,0,0,0,0,0,0,창작,1,1.0,1.0
0,0,0,1,0,0,0,0,0,0,0,0,0,0,0,0,0,0,탱커,1,1.0,1.0
0,0,0,0,0,0,0,0,1,0,0,0,0,0,0,0,0,0,본급,1,1.0,1.0
0,0,0,0,0,0,0,0,0,0,0,0,1,0,0,0,0,0,시세로,1,1.0,1.0
0,0,0,0,0,1,0,0,0,0,0,0,0,0,0,0,0,0,전해,1,1.0,1.0
0,0,0,0,0,0,0,0,0,0,0,0,0,1,0,0,0,0,안내,1,1.0,1.0
0,0,0,0,0,0,0,1,0,0,0,0,0,0,0,0,0,0,동년,1,1.0,1.0
1,0,0,0,0,0,0,0,0,0,0,0,0,0,0,0,0,0,차후,1,1.0,1.0
0,0,0,0,0,0,0,0,0,0,0,0,0,0,0,1,0,0,경청,1,1.0,1.0
0,0,0,0,0,0,0,1,0,0,0,0,0,0,0,0,0,0,육사,1,1.0,1.0
1,0,0,0,0,0,0,0,0,0,0,0,0,0,0,0,0,0,저가,1,1.0,1.0
0,0,0,0,0,0,0,0,0,0,0,0,0,0,0,1,0,0,당사,1,1.0,1.0
0,1,0,0,0,0,0,0,0,0,0,0,0,0,0,0,0,0,동호,1,1.0,1.0
0,1,0,0,0,0,0,0,0,0,0,0,0,0,0,0,0,0,장범,1,1.0,1.0
0,0,0,0,0,1,0,0,0,0,0,0,0,0,0,0,0,0,마음속,1,1.0,1.0
0,0,0,0,0,0,0,0,0,0,0,0,1,0,0,0,0,0,박능후,1,1.0,1.0
0,0,0,0,0,0,0,1,0,0,0,0,0,0,0,0,0,0,도촬,1,1.0,1.0
0,0,0,0,0,0,0,0,0,0,0,0,0,1,0,0,0,0,보임,1,1.0,1.0
0,0,0,0,1,0,0,0,0,0,0,0,0,0,0,0,0,0,고식,1,1.0,1.0
0,0,0,0,0,0,0,0,0,0,0,1,0,0,0,0,0,0,문책,1,1.0,1.0
0,0,0,0,0,0,1,0,0,0,0,0,0,0,0,0,0,0,포털사이트,1,1.0,1.0
0,0,0,0,0,0,0,1,0,0,0,0,0,0,0,0,0,0,루킹,1,1.0,1.0
0,0,0,0,0,0,0,0,0,0,0,0,1,0,0,0,0,0,신도시,1,1.0,1.0
0,0,0,0,0,0,0,0,1,0,0,0,0,0,0,0,0,0,신간,1,1.0,1.0
0,0,0,0,0,0,0,1,0,0,0,0,0,0,0,0,0,0,누나,1,1.0,1.0
0,0,0,0,0,0,0,0,1,0,0,0,0,0,0,0,0,0,일조,1,1.0,1.0
0,0,0,0,0,0,0,1,0,0,0,0,0,0,0,0,0,0,송정,1,1.0,1.0
0,0,0,0,1,0,0,0,0,0,0,0,0,0,0,0,0,0,치킨게임,1,1.0,1.0
0,0,0,0,0,0,0,0,1,0,0,0,0,0,0,0,0,0,이벤,1,1.0,1.0
0,0,0,0,0,0,0,0,0,0,0,0,1,0,0,0,0,0,어패,1,1.0,1.0
0,0,0,0,0,1,0,0,0,0,0,0,0,0,0,0,0,0,공연,1,1.0,1.0
1,0,0,0,0,0,0,0,0,0,0,0,0,0,0,0,0,0,도시락,1,1.0,1.0
0,0,0,0,0,0,1,0,0,0,0,0,0,0,0,0,0,0,코스프레,1,1.0,1.0
0,0,0,0,0,0,0,0,0,1,0,0,0,0,0,0,0,0,퇴장,1,1.0,1.0
0,0,0,0,0,0,0,0,0,0,0,0,1,0,0,0,0,0,환원,1,1.0,1.0
0,0,0,0,0,1,0,0,0,0,0,0,0,0,0,0,0,0,메아리,1,1.0,1.0
0,0,0,1,0,0,0,0,0,0,0,0,0,0,0,0,0,0,다섯,1,1.0,1.0
0,1,0,0,0,0,0,0,0,0,0,0,0,0,0,0,0,0,위인,1,1.0,1.0
0,0,0,0,0,0,0,0,0,0,0,1,0,0,0,0,0,0,사망원인,1,1.0,1.0
0,0,0,0,1,0,0,0,0,0,0,0,0,0,0,0,0,0,향유,1,1.0,1.0
0,0,0,1,0,0,0,0,0,0,0,0,0,0,0,0,0,0,그리스,1,1.0,1.0
0,0,0,1,0,0,0,0,0,0,0,0,0,0,0,0,0,0,오늘날,1,1.0,1.0
0,0,0,0,0,0,0,0,0,0,0,0,0,1,0,0,0,0,새마을,1,1.0,1.0
0,0,0,1,0,0,0,0,0,0,0,0,0,0,0,0,0,0,일터,1,1.0,1.0
0,0,0,0,0,0,0,0,1,0,0,0,0,0,0,0,0,0,베스트셀러,1,1.0,1.0
0,0,0,0,0,0,0,0,1,0,0,0,0,0,0,0,0,0,성안,1,1.0,1.0
0,0,0,0,0,0,0,0,0,0,0,0,0,1,0,0,0,0,행정안전부,1,1.0,1.0
0,0,0,0,0,0,0,0,1,0,0,0,0,0,0,0,0,0,조리,1,1.0,1.0
0,1,0,0,0,0,0,0,0,0,0,0,0,0,0,0,0,0,서술,1,1.0,1.0
0,0,0,0,0,0,0,0,0,0,0,0,0,1,0,0,0,0,정해,1,1.0,1.0
0,0,0,0,0,0,0,0,0,0,0,0,0,0,0,0,1,0,요일,1,1.0,1.0
0,0,0,0,0,0,0,0,0,0,1,0,0,0,0,0,0,0,오해해,1,1.0,1.0
1,0,0,0,0,0,0,0,0,0,0,0,0,0,0,0,0,0,세포독성,1,1.0,1.0
0,1,0,0,0,0,0,0,0,0,0,0,0,0,0,0,0,0,미혼남성,1,1.0,1.0
0,0,0,0,0,0,0,0,0,0,1,0,0,0,0,0,0,0,누운채,1,1.0,1.0
0,0,0,0,0,0,0,0,0,1,0,0,0,0,0,0,0,0,집행유예,1,1.0,1.0
0,0,0,0,0,1,0,0,0,0,0,0,0,0,0,0,0,0,극우,1,1.0,1.0
0,0,0,0,0,0,0,0,0,1,0,0,0,0,0,0,0,0,커서,1,1.0,1.0
0,1,0,0,0,0,0,0,0,0,0,0,0,0,0,0,0,0,슈터스,1,1.0,1.0
0,0,0,0,1,0,0,0,0,0,0,0,0,0,0,0,0,0,천사,1,1.0,1.0
0,0,0,0,0,0,0,0,0,0,1,0,0,0,0,0,0,0,누드모델,1,1.0,1.0
0,0,0,0,0,0,0,0,0,0,0,1,0,0,0,0,0,0,잠정,1,1.0,1.0
0,1,0,0,0,0,0,0,0,0,0,0,0,0,0,0,0,0,인적,1,1.0,1.0
0,1,0,0,0,0,0,0,0,0,0,0,0,0,0,0,0,0,차체,1,1.0,1.0
1,0,0,0,0,0,0,0,0,0,0,0,0,0,0,0,0,0,달후,1,1.0,1.0
0,0,0,1,0,0,0,0,0,0,0,0,0,0,0,0,0,0,교인,1,1.0,1.0
0,0,0,0,0,0,0,0,0,0,0,0,0,1,0,0,0,0,축가,1,1.0,1.0
0,1,0,0,0,0,0,0,0,0,0,0,0,0,0,0,0,0,근거리,1,1.0,1.0
0,0,0,1,0,0,0,0,0,0,0,0,0,0,0,0,0,0,실리,1,1.0,1.0
0,0,0,0,0,0,0,0,0,0,0,0,0,0,0,0,1,0,나야,1,1.0,1.0
0,0,0,1,0,0,0,0,0,0,0,0,0,0,0,0,0,0,가난,1,1.0,1.0
0,0,0,1,0,0,0,0,0,0,0,0,0,0,0,0,0,0,통곡,1,1.0,1.0
0,0,0,0,0,1,0,0,0,0,0,0,0,0,0,0,0,0,부상,1,1.0,1.0
0,0,0,0,0,0,1,0,0,0,0,0,0,0,0,0,0,0,출입국관리,1,1.0,1.0
0,0,0,1,0,0,0,0,0,0,0,0,0,0,0,0,0,0,학부,1,1.0,1.0
0,0,0,0,0,0,0,0,0,0,0,1,0,0,0,0,0,0,헛되이,1,1.0,1.0
0,0,0,0,0,0,0,0,1,0,0,0,0,0,0,0,0,0,이해식,1,1.0,1.0
0,0,0,0,0,0,0,0,0,0,0,1,0,0,0,0,0,0,소방본부,1,1.0,1.0
0,0,0,0,0,0,0,0,0,1,0,0,0,0,0,0,0,0,해남,1,1.0,1.0
0,1,0,0,0,0,0,0,0,0,0,0,0,0,0,0,0,0,튕겨,1,1.0,1.0
0,0,0,0,0,0,0,0,0,0,0,0,0,0,0,1,0,0,공정,1,1.0,1.0
0,0,0,1,0,0,0,0,0,0,0,0,0,0,0,0,0,0,남구,1,1.0,1.0
0,0,0,0,0,0,0,1,0,0,0,0,0,0,0,0,0,0,이첩,1,1.0,1.0
0,0,0,0,0,0,1,0,0,0,0,0,0,0,0,0,0,0,자긍심고취,1,1.0,1.0
0,0,0,0,0,0,0,0,0,0,0,1,0,0,0,0,0,0,예우,1,1.0,1.0
0,0,0,0,0,0,0,0,0,0,0,0,0,1,0,0,0,0,보통사람,1,1.0,1.0
0,0,0,0,0,1,0,0,0,0,0,0,0,0,0,0,0,0,무법천지,1,1.0,1.0
0,0,0,0,0,0,0,0,0,0,0,0,0,0,0,0,1,0,조특법,1,1.0,1.0
0,0,0,0,0,0,0,0,0,0,0,0,1,0,0,0,0,0,보금자리주택,1,1.0,1.0
0,0,0,0,0,0,0,0,0,0,0,0,0,0,0,0,0,1,타산,1,1.0,1.0
0,0,0,0,0,0,0,1,0,0,0,0,0,0,0,0,0,0,주신,1,1.0,1.0
0,0,0,0,0,0,0,0,1,0,0,0,0,0,0,0,0,0,책값,1,1.0,1.0
0,0,0,0,0,0,0,1,0,0,0,0,0,0,0,0,0,0,장호원,1,1.0,1.0
0,0,0,1,0,0,0,0,0,0,0,0,0,0,0,0,0,0,북구,1,1.0,1.0
0,0,0,0,0,0,0,0,0,0,0,0,0,0,0,0,0,1,기운,1,1.0,1.0
0,1,0,0,0,0,0,0,0,0,0,0,0,0,0,0,0,0,체코,1,1.0,1.0
0,0,0,0,0,0,0,0,0,0,0,1,0,0,0,0,0,0,인과관계,1,1.0,1.0
0,1,0,0,0,0,0,0,0,0,0,0,0,0,0,0,0,0,렌즈,1,1.0,1.0
0,0,0,0,0,0,0,0,0,0,0,0,1,0,0,0,0,0,쟁점,1,1.0,1.0
0,0,0,0,0,0,0,0,0,0,0,0,0,1,0,0,0,0,소로,1,1.0,1.0
0,0,0,0,0,0,0,0,0,1,0,0,0,0,0,0,0,0,반석,1,1.0,1.0
0,0,0,1,0,0,0,0,0,0,0,0,0,0,0,0,0,0,굴,1,1.0,1.0
0,0,0,0,0,1,0,0,0,0,0,0,0,0,0,0,0,0,부화,1,1.0,1.0
0,0,0,0,0,0,0,0,0,1,0,0,0,0,0,0,0,0,탄식,1,1.0,1.0
0,1,0,0,0,0,0,0,0,0,0,0,0,0,0,0,0,0,덩달아,1,1.0,1.0
0,0,0,0,0,0,0,0,0,0,0,0,0,1,0,0,0,0,범인,1,1.0,1.0
0,0,0,0,0,0,0,0,0,1,0,0,0,0,0,0,0,0,전남자친구,1,1.0,1.0
0,0,0,0,0,0,0,1,0,0,0,0,0,0,0,0,0,0,프린트,1,1.0,1.0
0,0,0,0,0,0,0,0,1,0,0,0,0,0,0,0,0,0,분변등,1,1.0,1.0
0,0,0,0,0,0,0,0,1,0,0,0,0,0,0,0,0,0,물음,1,1.0,1.0
0,1,0,0,0,0,0,0,0,0,0,0,0,0,0,0,0,0,갖가지,1,1.0,1.0
1,0,0,0,0,0,0,0,0,0,0,0,0,0,0,0,0,0,사견,1,1.0,1.0
0,0,0,1,0,0,0,0,0,0,0,0,0,0,0,0,0,0,발자국,1,1.0,1.0
0,0,0,0,0,0,0,0,1,0,0,0,0,0,0,0,0,0,개장,1,1.0,1.0
0,0,0,0,0,0,0,0,0,1,0,0,0,0,0,0,0,0,본연,1,1.0,1.0
0,1,0,0,0,0,0,0,0,0,0,0,0,0,0,0,0,0,실형,1,1.0,1.0
0,1,0,0,0,0,0,0,0,0,0,0,0,0,0,0,0,0,물체,1,1.0,1.0
0,0,0,0,0,0,0,0,0,0,0,0,1,0,0,0,0,0,미사,1,1.0,1.0
0,0,0,0,0,0,0,0,0,0,0,0,0,1,0,0,0,0,신년사,1,1.0,1.0
0,0,0,0,0,0,0,0,0,0,1,0,0,0,0,0,0,0,인스타,1,1.0,1.0
0,0,0,0,0,0,0,0,0,0,1,0,0,0,0,0,0,0,변형,1,1.0,1.0
0,1,0,0,0,0,0,0,0,0,0,0,0,0,0,0,0,0,노년,1,1.0,1.0
0,1,0,0,0,0,0,0,0,0,0,0,0,0,0,0,0,0,랍시고,1,1.0,1.0
0,0,0,0,1,0,0,0,0,0,0,0,0,0,0,0,0,0,개월때,1,1.0,1.0
0,0,0,0,0,1,0,0,0,0,0,0,0,0,0,0,0,0,뇌동,1,1.0,1.0
0,0,0,0,0,0,0,0,0,0,0,0,0,0,0,0,0,1,비슷,1,1.0,1.0
0,0,0,0,0,0,0,0,0,0,0,1,0,0,0,0,0,0,다각,1,1.0,1.0
0,0,0,0,0,0,0,0,0,0,1,0,0,0,0,0,0,0,스타,1,1.0,1.0
0,0,0,1,0,0,0,0,0,0,0,0,0,0,0,0,0,0,채권,1,1.0,1.0
0,0,0,0,0,0,0,0,0,0,0,0,0,1,0,0,0,0,더욱더,1,1.0,1.0
0,0,0,0,0,0,0,1,0,0,0,0,0,0,0,0,0,0,치부,1,1.0,1.0
0,0,0,0,0,0,0,0,0,0,1,0,0,0,0,0,0,0,황상,1,1.0,1.0
0,0,0,0,0,0,0,0,0,0,1,0,0,0,0,0,0,0,스티븐,1,1.0,1.0
0,0,0,0,0,0,0,0,0,0,0,1,0,0,0,0,0,0,압록강,1,1.0,1.0
0,0,0,1,0,0,0,0,0,0,0,0,0,0,0,0,0,0,절절,1,1.0,1.0
0,0,0,0,0,0,0,0,0,0,0,0,0,1,0,0,0,0,저딴,1,1.0,1.0
0,0,0,1,0,0,0,0,0,0,0,0,0,0,0,0,0,0,빛고을,1,1.0,1.0
0,0,0,0,0,0,0,0,1,0,0,0,0,0,0,0,0,0,고정,1,1.0,1.0
0,0,0,0,0,1,0,0,0,0,0,0,0,0,0,0,0,0,어린시절,1,1.0,1.0
0,0,0,0,0,1,0,0,0,0,0,0,0,0,0,0,0,0,언사,1,1.0,1.0
0,0,0,0,0,0,0,0,0,0,0,1,0,0,0,0,0,0,긴장감,1,1.0,1.0
0,0,0,0,0,0,0,0,0,0,0,1,0,0,0,0,0,0,설정,1,1.0,1.0
0,0,0,0,0,0,0,0,0,0,0,0,1,0,0,0,0,0,김진태,1,1.0,1.0
0,0,0,0,0,0,1,0,0,0,0,0,0,0,0,0,0,0,하야,1,1.0,1.0
0,0,0,0,0,0,0,1,0,0,0,0,0,0,0,0,0,0,카카오,1,1.0,1.0
0,0,0,0,1,0,0,0,0,0,0,0,0,0,0,0,0,0,순리,1,1.0,1.0
0,0,0,0,0,0,0,0,0,0,0,0,1,0,0,0,0,0,첨자,1,1.0,1.0
0,0,0,0,0,0,0,0,0,0,0,0,1,0,0,0,0,0,뱃지,1,1.0,1.0
0,0,0,0,0,1,0,0,0,0,0,0,0,0,0,0,0,0,웁니,1,1.0,1.0
1,0,0,0,0,0,0,0,0,0,0,0,0,0,0,0,0,0,제도로,1,1.0,1.0
0,0,0,0,0,0,0,0,0,0,0,1,0,0,0,0,0,0,호석,1,1.0,1.0
0,0,0,0,0,0,0,0,0,0,0,0,0,1,0,0,0,0,무전,1,1.0,1.0
0,0,0,0,0,0,0,0,0,0,0,0,0,0,0,0,0,1,뭘,1,1.0,1.0
0,0,0,0,1,0,0,0,0,0,0,0,0,0,0,0,0,0,축농증,1,1.0,1.0
0,0,0,0,0,0,0,0,0,0,1,0,0,0,0,0,0,0,노골,1,1.0,1.0
0,0,0,0,0,0,0,0,0,0,0,0,0,1,0,0,0,0,완력,1,1.0,1.0
0,0,0,0,0,0,0,0,0,0,1,0,0,0,0,0,0,0,놀러와,1,1.0,1.0
0,0,0,0,0,0,0,0,0,0,0,0,1,0,0,0,0,0,진원,1,1.0,1.0
0,0,0,1,0,0,0,0,0,0,0,0,0,0,0,0,0,0,통영,1,1.0,1.0
0,0,0,0,0,1,0,0,0,0,0,0,0,0,0,0,0,0,교환학생,1,1.0,1.0
0,0,0,1,0,0,0,0,0,0,0,0,0,0,0,0,0,0,공함,1,1.0,1.0
1,0,0,0,0,0,0,0,0,0,0,0,0,0,0,0,0,0,제적,1,1.0,1.0
0,0,0,0,0,0,0,0,1,0,0,0,0,0,0,0,0,0,가의,1,1.0,1.0
0,0,0,0,0,0,0,0,0,0,0,0,0,1,0,0,0,0,단체사진,1,1.0,1.0
0,0,0,0,0,0,0,0,0,0,0,0,1,0,0,0,0,0,번은,1,1.0,1.0
0,0,0,0,0,0,0,0,0,0,0,0,0,0,0,0,1,0,천년왕국,1,1.0,1.0
0,0,0,0,0,0,0,0,0,0,0,0,0,1,0,0,0,0,포구,1,1.0,1.0
0,0,0,0,0,1,0,0,0,0,0,0,0,0,0,0,0,0,이념,1,1.0,1.0
0,0,0,0,0,0,0,1,0,0,0,0,0,0,0,0,0,0,반환,1,1.0,1.0
1,0,0,0,0,0,0,0,0,0,0,0,0,0,0,0,0,0,대학교수,1,1.0,1.0
0,0,0,0,0,0,0,0,0,0,0,1,0,0,0,0,0,0,실전,1,1.0,1.0
0,0,0,1,0,0,0,0,0,0,0,0,0,0,0,0,0,0,이르렀으,1,1.0,1.0
0,0,0,0,0,0,0,0,0,0,0,1,0,0,0,0,0,0,유역,1,1.0,1.0
0,1,0,0,0,0,0,0,0,0,0,0,0,0,0,0,0,0,대만,1,1.0,1.0
0,0,0,0,0,1,0,0,0,0,0,0,0,0,0,0,0,0,자유시장경제,1,1.0,1.0
0,0,0,1,0,0,0,0,0,0,0,0,0,0,0,0,0,0,감실,1,1.0,1.0
0,0,0,0,0,0,0,0,0,0,0,0,0,1,0,0,0,0,비질,1,1.0,1.0
0,0,0,0,0,0,0,1,0,0,0,0,0,0,0,0,0,0,다,1,1.0,1.0
0,0,0,0,0,0,0,0,0,0,0,0,1,0,0,0,0,0,신용,1,1.0,1.0
0,1,0,0,0,0,0,0,0,0,0,0,0,0,0,0,0,0,홍콩,1,1.0,1.0
0,0,0,0,0,0,0,0,0,0,0,0,0,0,0,0,1,0,신지,1,1.0,1.0
1,0,0,0,0,0,0,0,0,0,0,0,0,0,0,0,0,0,자금난,1,1.0,1.0
0,0,0,1,0,0,0,0,0,0,0,0,0,0,0,0,0,0,노하우,1,1.0,1.0
0,0,0,0,0,0,0,0,0,0,0,0,0,0,0,0,1,0,주안,1,1.0,1.0
0,0,0,0,1,0,0,0,0,0,0,0,0,0,0,0,0,0,디,1,1.0,1.0
0,0,0,0,0,0,1,0,0,0,0,0,0,0,0,0,0,0,미국인,1,1.0,1.0
0,0,0,0,0,0,0,0,0,0,0,0,0,1,0,0,0,0,엄,1,1.0,1.0
0,0,0,0,0,0,0,0,0,0,0,0,0,0,0,0,0,1,싸이트,1,1.0,1.0
0,0,0,1,0,0,0,0,0,0,0,0,0,0,0,0,0,0,활,1,1.0,1.0
0,0,0,0,0,0,0,0,1,0,0,0,0,0,0,0,0,0,담,1,1.0,1.0
0,0,0,0,0,0,0,0,0,0,0,0,0,1,0,0,0,0,암유,1,1.0,1.0
0,0,0,0,0,0,0,0,0,1,0,0,0,0,0,0,0,0,선후배,1,1.0,1.0
0,0,0,0,0,0,0,0,0,0,0,0,0,1,0,0,0,0,당황,1,1.0,1.0
0,0,0,0,0,0,0,0,0,0,0,0,0,0,0,0,1,0,교류,1,1.0,1.0
0,0,0,0,0,0,0,1,0,0,0,0,0,0,0,0,0,0,창설,1,1.0,1.0
0,0,0,0,0,0,0,0,0,0,0,0,0,1,0,0,0,0,란테,1,1.0,1.0
1,0,0,0,0,0,0,0,0,0,0,0,0,0,0,0,0,0,보름,1,1.0,1.0
0,0,0,0,0,0,0,0,0,0,0,0,0,0,0,0,1,0,특례,1,1.0,1.0
0,0,0,1,0,0,0,0,0,0,0,0,0,0,0,0,0,0,파고,1,1.0,1.0
0,0,0,0,0,0,0,0,1,0,0,0,0,0,0,0,0,0,조리사,1,1.0,1.0
1,0,0,0,0,0,0,0,0,0,0,0,0,0,0,0,0,0,개차반,1,1.0,1.0
0,0,0,0,0,0,0,0,1,0,0,0,0,0,0,0,0,0,동양,1,1.0,1.0
0,0,0,0,1,0,0,0,0,0,0,0,0,0,0,0,0,0,막무가내,1,1.0,1.0
0,0,0,0,0,0,0,1,0,0,0,0,0,0,0,0,0,0,중복,1,1.0,1.0
0,0,0,0,0,0,0,0,0,1,0,0,0,0,0,0,0,0,컷오프,1,1.0,1.0
0,0,0,0,0,0,0,0,0,0,0,0,0,0,0,0,1,0,금보,1,1.0,1.0
0,0,0,0,0,1,0,0,0,0,0,0,0,0,0,0,0,0,참가자,1,1.0,1.0
0,0,0,0,0,0,0,0,0,0,0,0,0,0,0,0,0,1,밀면,1,1.0,1.0
0,0,0,0,0,0,0,0,0,1,0,0,0,0,0,0,0,0,헤어,1,1.0,1.0
0,0,0,0,0,0,0,0,0,0,0,0,0,1,0,0,0,0,간문제,1,1.0,1.0
0,0,0,0,0,0,0,0,0,0,0,0,1,0,0,0,0,0,곤도,1,1.0,1.0
0,0,0,0,0,0,0,0,0,0,0,0,0,0,0,0,1,0,감금,1,1.0,1.0
0,1,0,0,0,0,0,0,0,0,0,0,0,0,0,0,0,0,건수,1,1.0,1.0
0,0,0,0,0,0,0,0,0,0,0,1,0,0,0,0,0,0,체력,1,1.0,1.0
0,0,0,0,0,0,0,0,0,0,0,0,1,0,0,0,0,0,박차,1,1.0,1.0
0,0,0,1,0,0,0,0,0,0,0,0,0,0,0,0,0,0,약육강식,1,1.0,1.0
0,0,0,0,0,0,0,0,0,0,0,0,0,1,0,0,0,0,자경단,1,1.0,1.0
0,0,0,0,0,0,0,0,0,0,0,1,0,0,0,0,0,0,통일한국,1,1.0,1.0
0,0,0,1,0,0,0,0,0,0,0,0,0,0,0,0,0,0,급감,1,1.0,1.0
0,0,0,0,0,0,0,0,0,0,0,0,0,0,0,1,0,0,밤샘,1,1.0,1.0
0,1,0,0,0,0,0,0,0,0,0,0,0,0,0,0,0,0,구출,1,1.0,1.0
0,0,0,0,0,0,0,0,0,0,0,1,0,0,0,0,0,0,그땐,1,1.0,1.0
0,0,0,0,0,0,0,0,0,1,0,0,0,0,0,0,0,0,내부고발자,1,1.0,1.0
0,0,0,0,1,0,0,0,0,0,0,0,0,0,0,0,0,0,막강,1,1.0,1.0
0,0,0,1,0,0,0,0,0,0,0,0,0,0,0,0,0,0,상주,1,1.0,1.0
0,0,0,0,0,0,0,1,0,0,0,0,0,0,0,0,0,0,톡,1,1.0,1.0
0,0,0,0,0,0,0,0,0,0,0,1,0,0,0,0,0,0,키로,1,1.0,1.0
0,0,0,0,0,0,0,0,0,0,0,0,0,0,0,0,1,0,소득공제,1,1.0,1.0
0,0,0,0,0,0,0,1,0,0,0,0,0,0,0,0,0,0,눈화장,1,1.0,1.0
0,0,0,0,0,0,0,1,0,0,0,0,0,0,0,0,0,0,립스틱,1,1.0,1.0
0,0,0,0,0,0,0,0,0,1,0,0,0,0,0,0,0,0,검찰청,1,1.0,1.0
0,0,0,1,0,0,0,0,0,0,0,0,0,0,0,0,0,0,장덕,1,1.0,1.0
0,0,0,1,0,0,0,0,0,0,0,0,0,0,0,0,0,0,잔칫상,1,1.0,1.0
0,0,0,0,0,0,0,0,1,0,0,0,0,0,0,0,0,0,체급,1,1.0,1.0
0,0,0,0,0,1,0,0,0,0,0,0,0,0,0,0,0,0,위대,1,1.0,1.0
0,0,0,1,0,0,0,0,0,0,0,0,0,0,0,0,0,0,교통신호,1,1.0,1.0
0,0,0,0,1,0,0,0,0,0,0,0,0,0,0,0,0,0,금요일,1,1.0,1.0
0,0,0,0,1,0,0,0,0,0,0,0,0,0,0,0,0,0,이나고,1,1.0,1.0
0,0,0,0,0,0,0,0,0,0,0,0,0,0,0,1,0,0,성적행위,1,1.0,1.0
0,0,0,0,0,0,1,0,0,0,0,0,0,0,0,0,0,0,비웃음,1,1.0,1.0
0,0,0,0,0,0,0,0,0,1,0,0,0,0,0,0,0,0,세비,1,1.0,1.0
0,0,0,0,0,0,0,0,0,0,1,0,0,0,0,0,0,0,히켄드로이츠,1,1.0,1.0
0,0,0,1,0,0,0,0,0,0,0,0,0,0,0,0,0,0,돌다리,1,1.0,1.0
0,0,0,0,0,0,0,0,1,0,0,0,0,0,0,0,0,0,모범,1,1.0,1.0
0,0,0,0,0,0,0,0,0,1,0,0,0,0,0,0,0,0,축느러져,1,1.0,1.0
0,0,0,0,0,0,0,0,0,0,0,0,1,0,0,0,0,0,택시,1,1.0,1.0
0,0,0,0,0,0,0,0,0,0,1,0,0,0,0,0,0,0,보관,1,1.0,1.0
0,0,0,0,0,0,0,0,0,1,0,0,0,0,0,0,0,0,동물병원,1,1.0,1.0
0,0,0,0,0,0,0,0,0,0,0,0,1,0,0,0,0,0,검역,1,1.0,1.0
0,0,0,1,0,0,0,0,0,0,0,0,0,0,0,0,0,0,군림합,1,1.0,1.0
0,0,0,0,0,0,0,0,0,1,0,0,0,0,0,0,0,0,장악,1,1.0,1.0
0,0,0,1,0,0,0,0,0,0,0,0,0,0,0,0,0,0,악순환,1,1.0,1.0
0,0,0,0,0,0,0,0,0,0,0,0,1,0,0,0,0,0,시멘트,1,1.0,1.0
0,0,0,0,0,0,0,0,0,0,0,0,0,0,0,0,1,0,공휴일,1,1.0,1.0
0,0,0,0,0,0,0,0,1,0,0,0,0,0,0,0,0,0,동물인지,1,1.0,1.0
0,0,0,0,0,0,0,1,0,0,0,0,0,0,0,0,0,0,파행,1,1.0,1.0
0,0,0,0,0,0,0,0,0,0,0,1,0,0,0,0,0,0,북미,1,1.0,1.0
1,0,0,0,0,0,0,0,0,0,0,0,0,0,0,0,0,0,전적,1,1.0,1.0
0,0,0,0,0,0,0,0,0,0,0,1,0,0,0,0,0,0,제주시,1,1.0,1.0
0,0,0,0,0,0,0,0,0,0,0,0,0,0,0,0,0,1,발발,1,1.0,1.0
0,0,0,0,0,0,0,0,1,0,0,0,0,0,0,0,0,0,자원봉사자,1,1.0,1.0
0,0,0,0,0,0,0,0,0,0,0,0,0,1,0,0,0,0,시동생,1,1.0,1.0
0,0,0,0,1,0,0,0,0,0,0,0,0,0,0,0,0,0,꼭좀,1,1.0,1.0
0,1,0,0,0,0,0,0,0,0,0,0,0,0,0,0,0,0,기동대,1,1.0,1.0
0,0,0,0,0,0,0,0,0,0,0,0,1,0,0,0,0,0,심산,1,1.0,1.0
0,0,0,0,0,0,0,0,0,0,1,0,0,0,0,0,0,0,우린,1,1.0,1.0
0,0,0,0,0,1,0,0,0,0,0,0,0,0,0,0,0,0,반성은,1,1.0,1.0
0,1,0,0,0,0,0,0,0,0,0,0,0,0,0,0,0,0,산속,1,1.0,1.0
0,0,0,0,0,0,0,0,0,0,0,0,0,1,0,0,0,0,스프링,1,1.0,1.0
0,0,0,0,0,0,0,0,0,0,0,0,1,0,0,0,0,0,급등,1,1.0,1.0
0,0,0,0,0,0,0,0,0,1,0,0,0,0,0,0,0,0,가기,1,1.0,1.0
0,0,0,0,1,0,0,0,0,0,0,0,0,0,0,0,0,0,필름,1,1.0,1.0
0,0,0,0,0,0,0,1,0,0,0,0,0,0,0,0,0,0,영,1,1.0,1.0
0,0,0,0,0,0,0,0,0,0,0,0,0,0,0,1,0,0,블랙코미디,1,1.0,1.0
0,0,0,0,0,1,0,0,0,0,0,0,0,0,0,0,0,0,다음주,1,1.0,1.0
0,0,0,0,1,0,0,0,0,0,0,0,0,0,0,0,0,0,자연도태,1,1.0,1.0
0,0,0,0,0,0,0,0,0,1,0,0,0,0,0,0,0,0,결격,1,1.0,1.0
0,0,0,0,0,0,0,0,0,0,0,0,0,0,0,0,1,0,과천,1,1.0,1.0
0,0,0,0,0,0,0,0,1,0,0,0,0,0,0,0,0,0,포스트,1,1.0,1.0
0,0,0,0,0,0,0,0,0,0,0,0,0,0,0,0,1,0,풀,1,1.0,1.0
0,0,0,0,0,0,0,0,0,0,0,0,1,0,0,0,0,0,주눅,1,1.0,1.0
0,0,0,0,0,0,1,0,0,0,0,0,0,0,0,0,0,0,출입국관리법,1,1.0,1.0
0,0,0,0,0,0,0,0,0,0,0,0,1,0,0,0,0,0,리즘,1,1.0,1.0
0,0,0,0,1,0,0,0,0,0,0,0,0,0,0,0,0,0,예방접종,1,1.0,1.0
1,0,0,0,0,0,0,0,0,0,0,0,0,0,0,0,0,0,콜로,1,1.0,1.0
0,0,0,0,0,0,0,0,0,1,0,0,0,0,0,0,0,0,낼때,1,1.0,1.0
0,0,0,0,0,1,0,0,0,0,0,0,0,0,0,0,0,0,허물,1,1.0,1.0
0,0,0,0,0,0,0,0,0,0,0,1,0,0,0,0,0,0,토로,1,1.0,1.0
0,0,0,0,0,0,0,0,0,0,0,0,1,0,0,0,0,0,공정위,1,1.0,1.0
0,0,0,0,0,0,0,0,0,0,0,0,0,0,0,0,1,0,인천공항,1,1.0,1.0
0,1,0,0,0,0,0,0,0,0,0,0,0,0,0,0,0,0,권총,1,1.0,1.0
0,0,0,0,0,0,0,0,1,0,0,0,0,0,0,0,0,0,일보,1,1.0,1.0
0,0,0,0,0,0,0,0,0,0,0,0,1,0,0,0,0,0,장만,1,1.0,1.0
0,0,0,0,0,0,0,0,0,0,0,0,1,0,0,0,0,0,대강,1,1.0,1.0
0,0,0,0,1,0,0,0,0,0,0,0,0,0,0,0,0,0,일상생활,1,1.0,1.0
0,0,0,0,0,0,0,0,0,0,1,0,0,0,0,0,0,0,리벤지,1,1.0,1.0
0,0,0,0,0,0,0,1,0,0,0,0,0,0,0,0,0,0,언니,1,1.0,1.0
0,1,0,0,0,0,0,0,0,0,0,0,0,0,0,0,0,0,레포츠,1,1.0,1.0
0,0,0,1,0,0,0,0,0,0,0,0,0,0,0,0,0,0,회복기,1,1.0,1.0
0,0,0,0,0,0,0,0,0,0,0,0,1,0,0,0,0,0,도장,1,1.0,1.0
0,0,0,0,0,0,0,0,0,0,0,0,0,1,0,0,0,0,유의,1,1.0,1.0
0,0,0,0,1,0,0,0,0,0,0,0,0,0,0,0,0,0,수액,1,1.0,1.0
0,0,0,0,0,0,0,1,0,0,0,0,0,0,0,0,0,0,그다지,1,1.0,1.0
0,0,0,0,0,0,0,0,0,1,0,0,0,0,0,0,0,0,정무수석,1,1.0,1.0
0,0,0,0,0,0,0,0,1,0,0,0,0,0,0,0,0,0,휴무,1,1.0,1.0
0,0,0,0,0,0,0,0,0,0,0,0,1,0,0,0,0,0,전매,1,1.0,1.0
0,0,0,0,0,0,0,0,0,0,1,0,0,0,0,0,0,0,범행,1,1.0,1.0
0,0,0,0,0,0,0,1,0,0,0,0,0,0,0,0,0,0,막내아들,1,1.0,1.0
0,0,0,0,0,0,0,0,0,0,0,1,0,0,0,0,0,0,화재진압복,1,1.0,1.0
0,0,0,0,0,0,0,0,0,0,0,0,1,0,0,0,0,0,파라,1,1.0,1.0
0,0,0,0,0,0,0,0,1,0,0,0,0,0,0,0,0,0,한정,1,1.0,1.0
0,0,0,0,0,0,0,0,0,0,0,0,0,0,0,0,0,1,통수,1,1.0,1.0
0,0,0,0,0,0,0,0,1,0,0,0,0,0,0,0,0,0,독서율,1,1.0,1.0
0,0,0,0,0,0,0,0,0,1,0,0,0,0,0,0,0,0,제각각,1,1.0,1.0
0,0,0,0,0,0,0,0,0,0,1,0,0,0,0,0,0,0,상물,1,1.0,1.0
0,0,0,0,0,0,0,0,0,1,0,0,0,0,0,0,0,0,하수,1,1.0,1.0
0,0,0,0,1,0,0,0,0,0,0,0,0,0,0,0,0,0,잠복,1,1.0,1.0
0,0,0,0,0,0,0,0,1,0,0,0,0,0,0,0,0,0,앤드,1,1.0,1.0
0,0,0,1,0,0,0,0,0,0,0,0,0,0,0,0,0,0,신입생,1,1.0,1.0
0,0,0,0,0,0,0,0,0,1,0,0,0,0,0,0,0,0,불기소처분,1,1.0,1.0
0,0,0,0,0,0,0,0,0,1,0,0,0,0,0,0,0,0,안양시청,1,1.0,1.0
0,0,0,0,0,0,0,0,0,1,0,0,0,0,0,0,0,0,정세균,1,1.0,1.0
0,0,0,0,0,0,0,0,0,1,0,0,0,0,0,0,0,0,대본,1,1.0,1.0
0,0,0,0,0,0,0,0,0,0,0,0,1,0,0,0,0,0,밀리,1,1.0,1.0
0,0,0,0,0,0,0,0,0,0,0,0,0,1,0,0,0,0,구축,1,1.0,1.0
0,0,0,0,0,0,0,0,0,0,1,0,0,0,0,0,0,0,스탭분,1,1.0,1.0
0,0,0,0,1,0,0,0,0,0,0,0,0,0,0,0,0,0,과대,1,1.0,1.0
1,0,0,0,0,0,0,0,0,0,0,0,0,0,0,0,0,0,노가다,1,1.0,1.0
0,0,0,0,0,0,0,0,0,0,0,0,1,0,0,0,0,0,사나,1,1.0,1.0
0,0,0,1,0,0,0,0,0,0,0,0,0,0,0,0,0,0,놀음,1,1.0,1.0
0,0,0,0,0,0,0,0,1,0,0,0,0,0,0,0,0,0,별관,1,1.0,1.0
0,0,0,0,0,0,0,0,0,0,0,0,0,0,0,0,1,0,콜센터,1,1.0,1.0
0,0,0,0,0,1,0,0,0,0,0,0,0,0,0,0,0,0,수호,1,1.0,1.0
1,0,0,0,0,0,0,0,0,0,0,0,0,0,0,0,0,0,비현실적,1,1.0,1.0
0,0,0,0,0,0,0,0,0,0,0,0,0,0,0,0,1,0,날개,1,1.0,1.0
0,0,0,0,0,0,0,1,0,0,0,0,0,0,0,0,0,0,숨통,1,1.0,1.0
0,0,0,0,0,0,0,0,0,0,1,0,0,0,0,0,0,0,리듬,1,1.0,1.0
0,0,0,0,0,0,0,0,0,1,0,0,0,0,0,0,0,0,대요,1,1.0,1.0
0,0,0,0,0,0,0,0,0,0,0,0,0,1,0,0,0,0,출연,1,1.0,1.0
0,0,1,0,0,0,0,0,0,0,0,0,0,0,0,0,0,0,빗썸,1,1.0,1.0
1,0,0,0,0,0,0,0,0,0,0,0,0,0,0,0,0,0,사무소,1,1.0,1.0
0,0,0,1,0,0,0,0,0,0,0,0,0,0,0,0,0,0,타당,1,1.0,1.0
0,0,0,0,0,0,0,0,0,0,0,1,0,0,0,0,0,0,딸아이,1,1.0,1.0
0,0,0,0,0,0,0,1,0,0,0,0,0,0,0,0,0,0,본론,1,1.0,1.0
0,0,0,0,0,0,0,0,1,0,0,0,0,0,0,0,0,0,어울쉼터,1,1.0,1.0
0,0,0,0,0,1,0,0,0,0,0,0,0,0,0,0,0,0,동자,1,1.0,1.0
0,0,0,0,0,0,0,0,1,0,0,0,0,0,0,0,0,0,인세,1,1.0,1.0
0,0,0,1,0,0,0,0,0,0,0,0,0,0,0,0,0,0,나주,1,1.0,1.0
0,0,0,0,0,0,0,0,0,0,0,0,0,0,0,0,0,1,마리인,1,1.0,1.0
0,0,0,1,0,0,0,0,0,0,0,0,0,0,0,0,0,0,선등,1,1.0,1.0
0,0,0,0,0,0,0,0,0,0,0,1,0,0,0,0,0,0,등쪽,1,1.0,1.0
0,0,0,0,0,0,0,0,1,0,0,0,0,0,0,0,0,0,분변,1,1.0,1.0
0,0,0,0,0,0,0,0,1,0,0,0,0,0,0,0,0,0,무인,1,1.0,1.0
0,0,0,0,0,0,0,0,0,0,1,0,0,0,0,0,0,0,모자이크,1,1.0,1.0
0,0,0,0,0,0,0,0,0,0,0,1,0,0,0,0,0,0,발길,1,1.0,1.0
0,1,0,0,0,0,0,0,0,0,0,0,0,0,0,0,0,0,희롱,1,1.0,1.0
0,0,0,0,0,0,0,1,0,0,0,0,0,0,0,0,0,0,추모,1,1.0,1.0
0,0,0,0,0,0,1,0,0,0,0,0,0,0,0,0,0,0,조현아,1,1.0,1.0
0,0,0,0,0,0,0,0,0,1,0,0,0,0,0,0,0,0,천만이,1,1.0,1.0
0,0,0,0,0,0,0,0,0,1,0,0,0,0,0,0,0,0,시력,1,1.0,1.0
1,0,0,0,0,0,0,0,0,0,0,0,0,0,0,0,0,0,환불,1,1.0,1.0
0,0,0,0,0,0,0,1,0,0,0,0,0,0,0,0,0,0,영광,1,1.0,1.0
0,0,0,0,0,0,0,0,0,0,0,1,0,0,0,0,0,0,부권,1,1.0,1.0
0,0,0,1,0,0,0,0,0,0,0,0,0,0,0,0,0,0,광산구,1,1.0,1.0
0,0,0,0,0,0,0,0,0,0,1,0,0,0,0,0,0,0,경,1,1.0,1.0
0,0,0,0,0,0,0,0,0,0,0,0,1,0,0,0,0,0,그거,1,1.0,1.0
0,0,0,1,0,0,0,0,0,0,0,0,0,0,0,0,0,0,편견,1,1.0,1.0
0,0,0,0,0,0,0,0,0,0,0,0,0,0,0,0,1,0,경춘선,1,1.0,1.0
0,0,0,0,0,0,0,0,1,0,0,0,0,0,0,0,0,0,브레인,1,1.0,1.0
0,0,0,1,0,0,0,0,0,0,0,0,0,0,0,0,0,0,위시,1,1.0,1.0
1,0,0,0,0,0,0,0,0,0,0,0,0,0,0,0,0,0,이병일,1,1.0,1.0
0,0,0,0,1,0,0,0,0,0,0,0,0,0,0,0,0,0,이의신청,1,1.0,1.0
0,0,0,0,0,0,0,0,0,0,0,0,1,0,0,0,0,0,감안,1,1.0,1.0
0,1,0,0,0,0,0,0,0,0,0,0,0,0,0,0,0,0,분통,1,1.0,1.0
0,0,0,0,0,0,0,0,0,0,0,0,0,0,0,0,0,1,악수,1,1.0,1.0
0,0,0,0,1,0,0,0,0,0,0,0,0,0,0,0,0,0,팔다리,1,1.0,1.0
0,0,0,0,0,0,0,0,0,0,0,1,0,0,0,0,0,0,뼛조각,1,1.0,1.0
0,0,0,0,0,0,0,1,0,0,0,0,0,0,0,0,0,0,수령,1,1.0,1.0
0,0,0,1,0,0,0,0,0,0,0,0,0,0,0,0,0,0,크시,1,1.0,1.0
0,0,0,0,0,0,0,0,0,0,0,0,1,0,0,0,0,0,중고생,1,1.0,1.0
0,0,0,0,0,0,0,0,0,0,0,0,0,0,0,0,1,0,강선,1,1.0,1.0
0,0,0,0,0,0,0,0,0,0,0,0,0,0,0,0,1,0,품,1,1.0,1.0
0,0,0,0,0,0,0,0,0,1,0,0,0,0,0,0,0,0,획일,1,1.0,1.0
0,0,0,0,0,0,0,0,0,0,0,0,0,0,0,1,0,0,헌법재판소,1,1.0,1.0
0,0,0,0,0,1,0,0,0,0,0,0,0,0,0,0,0,0,개헌안,1,1.0,1.0
0,0,0,1,0,0,0,0,0,0,0,0,0,0,0,0,0,0,대승,1,1.0,1.0
0,0,0,0,0,0,0,0,0,0,0,0,1,0,0,0,0,0,마우스,1,1.0,1.0
0,0,0,0,0,0,0,0,0,0,1,0,0,0,0,0,0,0,용공,1,1.0,1.0
0,0,0,0,0,0,0,0,0,0,0,0,1,0,0,0,0,0,타도,1,1.0,1.0
0,0,0,0,0,0,0,0,1,0,0,0,0,0,0,0,0,0,향상,1,1.0,1.0
0,0,0,0,0,0,0,0,1,0,0,0,0,0,0,0,0,0,습관,1,1.0,1.0
0,1,0,0,0,0,0,0,0,0,0,0,0,0,0,0,0,0,도색,1,1.0,1.0
0,0,0,0,0,0,0,0,0,0,0,0,0,1,0,0,0,0,항만,1,1.0,1.0
1,0,0,0,0,0,0,0,0,0,0,0,0,0,0,0,0,0,일쑤,1,1.0,1.0
0,0,0,0,0,0,0,0,0,0,0,0,0,0,0,0,1,0,남태평양,1,1.0,1.0
0,0,0,0,0,0,0,0,1,0,0,0,0,0,0,0,0,0,구지,1,1.0,1.0
0,0,0,0,0,1,0,0,0,0,0,0,0,0,0,0,0,0,합창,1,1.0,1.0
1,0,0,0,0,0,0,0,0,0,0,0,0,0,0,0,0,0,제약회사,1,1.0,1.0
1,0,0,0,0,0,0,0,0,0,0,0,0,0,0,0,0,0,재발,1,1.0,1.0
0,0,0,0,0,0,0,0,0,0,1,0,0,0,0,0,0,0,무능,1,1.0,1.0
0,0,0,1,0,0,0,0,0,0,0,0,0,0,0,0,0,0,간편,1,1.0,1.0
0,0,0,0,1,0,0,0,0,0,0,0,0,0,0,0,0,0,생사,1,1.0,1.0
0,0,0,0,0,0,0,0,0,0,0,0,0,0,0,1,0,0,도출,1,1.0,1.0
0,1,0,0,0,0,0,0,0,0,0,0,0,0,0,0,0,0,선강,1,1.0,1.0
0,0,0,0,0,0,0,0,0,0,0,0,1,0,0,0,0,0,가오,1,1.0,1.0
0,0,0,0,0,1,0,0,0,0,0,0,0,0,0,0,0,0,녹화,1,1.0,1.0
0,0,0,0,0,0,0,0,0,0,0,0,0,1,0,0,0,0,르,1,1.0,1.0
0,0,0,0,0,0,0,0,0,0,0,0,0,1,0,0,0,0,김부겸,1,1.0,1.0
0,1,0,0,0,0,0,0,0,0,0,0,0,0,0,0,0,0,모의,1,1.0,1.0
0,0,0,0,0,0,0,0,0,0,0,0,0,0,0,1,0,0,지상파,1,1.0,1.0
0,0,0,0,0,0,0,1,0,0,0,0,0,0,0,0,0,0,코팅,1,1.0,1.0
0,0,0,1,0,0,0,0,0,0,0,0,0,0,0,0,0,0,납부,1,1.0,1.0
0,0,0,0,0,0,0,0,0,0,0,0,0,0,0,0,0,1,파양,1,1.0,1.0
0,0,0,0,1,0,0,0,0,0,0,0,0,0,0,0,0,0,티피,1,1.0,1.0
0,0,0,0,0,0,0,0,0,1,0,0,0,0,0,0,0,0,종말,1,1.0,1.0
0,0,0,0,0,0,0,0,0,0,0,0,1,0,0,0,0,0,왕복,1,1.0,1.0
0,0,0,0,1,0,0,0,0,0,0,0,0,0,0,0,0,0,레이,1,1.0,1.0
0,0,0,0,0,0,0,0,0,0,0,1,0,0,0,0,0,0,앞뒤,1,1.0,1.0
0,0,0,0,0,1,0,0,0,0,0,0,0,0,0,0,0,0,친밀도,1,1.0,1.0
0,0,0,0,0,0,0,0,0,0,0,0,1,0,0,0,0,0,동탄,1,1.0,1.0
0,0,0,1,0,0,0,0,0,0,0,0,0,0,0,0,0,0,풍문,1,1.0,1.0
1,0,0,0,0,0,0,0,0,0,0,0,0,0,0,0,0,0,전재희,1,1.0,1.0
0,0,0,0,0,0,0,0,0,0,1,0,0,0,0,0,0,0,사겅,1,1.0,1.0
0,0,0,0,0,0,0,0,1,0,0,0,0,0,0,0,0,0,겟,1,1.0,1.0
0,0,0,0,0,0,0,0,0,0,0,1,0,0,0,0,0,0,진위,1,1.0,1.0
0,0,0,0,0,1,0,0,0,0,0,0,0,0,0,0,0,0,폭도,1,1.0,1.0
0,0,0,0,0,0,0,0,0,0,0,0,0,1,0,0,0,0,고속,1,1.0,1.0
0,0,0,1,0,0,0,0,0,0,0,0,0,0,0,0,0,0,견적,1,1.0,1.0
0,0,0,0,0,0,0,0,1,0,0,0,0,0,0,0,0,0,책독,1,1.0,1.0
0,0,0,0,0,0,0,0,0,0,0,0,0,0,0,1,0,0,공청회,1,1.0,1.0
0,0,0,0,0,0,0,0,0,0,0,0,1,0,0,0,0,0,메꿀,1,1.0,1.0
0,1,0,0,0,0,0,0,0,0,0,0,0,0,0,0,0,0,캐나다,1,1.0,1.0
0,0,0,0,0,0,0,0,0,0,0,0,0,0,0,0,1,0,예루살렘,1,1.0,1.0
0,0,0,0,0,0,0,0,0,0,0,0,1,0,0,0,0,0,휴거,1,1.0,1.0
0,0,0,0,0,0,0,0,0,0,0,0,0,0,0,0,1,0,금일도,1,1.0,1.0
0,0,0,0,0,1,0,0,0,0,0,0,0,0,0,0,0,0,불미,1,1.0,1.0
0,0,0,0,0,0,0,0,1,0,0,0,0,0,0,0,0,0,어울,1,1.0,1.0
1,0,0,0,0,0,0,0,0,0,0,0,0,0,0,0,0,0,환수,1,1.0,1.0
0,0,0,0,0,0,0,0,0,0,0,1,0,0,0,0,0,0,황도,1,1.0,1.0
0,0,0,1,0,0,0,0,0,0,0,0,0,0,0,0,0,0,유명,1,1.0,1.0
0,0,0,0,0,0,0,0,0,0,0,0,0,1,0,0,0,0,효율,1,1.0,1.0
0,0,0,0,0,0,0,0,0,0,0,0,0,1,0,0,0,0,취임식,1,1.0,1.0
0,1,0,0,0,0,0,0,0,0,0,0,0,0,0,0,0,0,레저,1,1.0,1.0
0,0,0,0,0,0,0,0,0,0,0,0,1,0,0,0,0,0,극일,1,1.0,1.0
0,0,0,0,0,0,1,0,0,0,0,0,0,0,0,0,0,0,물병,1,1.0,1.0
0,0,0,0,0,0,0,1,0,0,0,0,0,0,0,0,0,0,거립니,1,1.0,1.0
0,0,0,0,0,0,0,0,0,0,0,0,0,1,0,0,0,0,전치,1,1.0,1.0
0,0,0,0,0,0,0,0,1,0,0,0,0,0,0,0,0,0,캣,1,1.0,1.0
0,0,0,0,0,1,0,0,0,0,0,0,0,0,0,0,0,0,아이콘,1,1.0,1.0
0,0,0,0,0,0,0,0,0,1,0,0,0,0,0,0,0,0,출마,1,1.0,1.0
0,0,0,0,0,0,0,1,0,0,0,0,0,0,0,0,0,0,수반,1,1.0,1.0
0,0,0,0,0,0,0,0,0,0,0,0,1,0,0,0,0,0,출처,1,1.0,1.0
0,0,0,0,0,0,0,0,0,0,0,0,0,1,0,0,0,0,음역,1,1.0,1.0
0,0,0,0,0,0,0,0,0,0,0,1,0,0,0,0,0,0,시나리오,1,1.0,1.0
0,0,0,1,0,0,0,0,0,0,0,0,0,0,0,0,0,0,한참,1,1.0,1.0
0,0,0,0,0,0,0,0,0,0,0,0,1,0,0,0,0,0,카운티,1,1.0,1.0
0,0,0,0,1,0,0,0,0,0,0,0,0,0,0,0,0,0,아성,1,1.0,1.0
0,1,0,0,0,0,0,0,0,0,0,0,0,0,0,0,0,0,대란,1,1.0,1.0
0,0,0,1,0,0,0,0,0,0,0,0,0,0,0,0,0,0,슨,1,1.0,1.0
0,0,0,1,0,0,0,0,0,0,0,0,0,0,0,0,0,0,극,1,1.0,1.0
0,0,0,0,0,0,0,1,0,0,0,0,0,0,0,0,0,0,중견,1,1.0,1.0
0,0,0,0,0,0,0,0,0,0,0,0,0,0,0,0,1,0,휴양지,1,1.0,1.0
0,0,0,0,0,0,0,0,0,0,0,0,1,0,0,0,0,0,억이,1,1.0,1.0
1,0,0,0,0,0,0,0,0,0,0,0,0,0,0,0,0,0,호스피스,1,1.0,1.0
0,0,0,1,0,0,0,0,0,0,0,0,0,0,0,0,0,0,중대,1,1.0,1.0
1,0,0,0,0,0,0,0,0,0,0,0,0,0,0,0,0,0,현찰,1,1.0,1.0
0,1,0,0,0,0,0,0,0,0,0,0,0,0,0,0,0,0,빨대,1,1.0,1.0
0,0,0,0,0,0,0,0,1,0,0,0,0,0,0,0,0,0,액,1,1.0,1.0
0,0,0,1,0,0,0,0,0,0,0,0,0,0,0,0,0,0,성동,1,1.0,1.0
0,0,0,0,0,0,0,0,0,0,1,0,0,0,0,0,0,0,이세,1,1.0,1.0
0,0,0,0,0,0,0,0,0,0,0,0,1,0,0,0,0,0,이요,1,1.0,1.0
0,0,0,0,0,1,0,0,0,0,0,0,0,0,0,0,0,0,숙제,1,1.0,1.0
0,0,0,0,0,0,0,1,0,0,0,0,0,0,0,0,0,0,민씨,1,1.0,1.0
0,0,0,1,0,0,0,0,0,0,0,0,0,0,0,0,0,0,피폐,1,1.0,1.0
0,0,0,0,0,0,0,1,0,0,0,0,0,0,0,0,0,0,예의,1,1.0,1.0
0,0,0,0,0,0,0,0,0,0,0,1,0,0,0,0,0,0,남북관계,1,1.0,1.0
0,0,0,0,0,0,0,0,0,0,0,1,0,0,0,0,0,0,폭주,1,1.0,1.0
0,0,0,1,0,0,0,0,0,0,0,0,0,0,0,0,0,0,협상,1,1.0,1.0
0,0,0,0,0,0,0,0,0,0,0,1,0,0,0,0,0,0,집결,1,1.0,1.0
1,0,0,0,0,0,0,0,0,0,0,0,0,0,0,0,0,0,한수,1,1.0,1.0
0,0,0,0,0,0,0,0,0,0,0,0,0,0,0,0,0,1,유무,1,1.0,1.0
0,0,0,0,0,0,0,1,0,0,0,0,0,0,0,0,0,0,가운,1,1.0,1.0
0,0,0,0,0,0,0,0,0,0,0,0,0,0,0,1,0,0,행안부,1,1.0,1.0
0,0,0,0,0,0,0,0,0,0,0,0,0,0,0,0,0,1,방책,1,1.0,1.0
0,0,0,0,1,0,0,0,0,0,0,0,0,0,0,0,0,0,경직,1,1.0,1.0
0,0,0,0,0,1,0,0,0,0,0,0,0,0,0,0,0,0,과오,1,1.0,1.0
0,0,0,0,0,0,0,0,1,0,0,0,0,0,0,0,0,0,송인,1,1.0,1.0
0,0,0,1,0,0,0,0,0,0,0,0,0,0,0,0,0,0,전교조,1,1.0,1.0
0,0,0,0,0,0,0,0,0,1,0,0,0,0,0,0,0,0,단점,1,1.0,1.0
0,0,0,0,0,0,0,1,0,0,0,0,0,0,0,0,0,0,묘역,1,1.0,1.0
0,0,0,0,0,1,0,0,0,0,0,0,0,0,0,0,0,0,시골,1,1.0,1.0
0,0,0,0,0,0,1,0,0,0,0,0,0,0,0,0,0,0,던지기,1,1.0,1.0
0,0,0,0,0,0,0,1,0,0,0,0,0,0,0,0,0,0,패소,1,1.0,1.0
0,0,0,0,0,0,0,0,0,0,1,0,0,0,0,0,0,0,중후,1,1.0,1.0
0,0,0,0,0,0,0,0,0,0,0,0,0,1,0,0,0,0,안도,1,1.0,1.0
0,0,0,0,0,0,0,0,0,1,0,0,0,0,0,0,0,0,꼬박,1,1.0,1.0
1,0,0,0,0,0,0,0,0,0,0,0,0,0,0,0,0,0,면직,1,1.0,1.0
0,0,0,0,0,0,0,0,0,1,0,0,0,0,0,0,0,0,고수,1,1.0,1.0
1,0,0,0,0,0,0,0,0,0,0,0,0,0,0,0,0,0,지견,1,1.0,1.0
0,0,0,0,1,0,0,0,0,0,0,0,0,0,0,0,0,0,도태,1,1.0,1.0
0,0,0,0,0,0,0,0,1,0,0,0,0,0,0,0,0,0,수법,1,1.0,1.0
0,0,0,1,0,0,0,0,0,0,0,0,0,0,0,0,0,0,보람,1,1.0,1.0
0,0,0,0,0,0,0,0,0,0,1,0,0,0,0,0,0,0,불쾌감,1,1.0,1.0
0,0,0,0,0,0,0,0,0,0,1,0,0,0,0,0,0,0,탈의,1,1.0,1.0
0,0,0,0,1,0,0,0,0,0,0,0,0,0,0,0,0,0,원점,1,1.0,1.0
0,1,0,0,0,0,0,0,0,0,0,0,0,0,0,0,0,0,내장,1,1.0,1.0
0,0,0,0,0,0,0,0,0,0,0,0,0,0,0,1,0,0,기자회견,1,1.0,1.0
0,0,0,0,0,0,0,0,0,0,0,1,0,0,0,0,0,0,하늘나라,1,1.0,1.0
0,0,0,1,0,0,0,0,0,0,0,0,0,0,0,0,0,0,민낯,1,1.0,1.0
0,0,0,0,0,0,0,0,0,0,0,1,0,0,0,0,0,0,긴장,1,1.0,1.0
0,0,0,0,0,0,0,1,0,0,0,0,0,0,0,0,0,0,개시,1,1.0,1.0
0,0,0,0,0,0,0,0,0,0,0,0,0,0,0,1,0,0,무슬림,1,1.0,1.0
1,0,0,0,0,0,0,0,0,0,0,0,0,0,0,0,0,0,최신,1,1.0,1.0
0,0,0,0,0,1,0,0,0,0,0,0,0,0,0,0,0,0,무법자,1,1.0,1.0
0,1,0,0,0,0,0,0,0,0,0,0,0,0,0,0,0,0,인질,1,1.0,1.0
0,0,0,0,0,0,0,0,0,0,0,1,0,0,0,0,0,0,내세,1,1.0,1.0
0,0,0,0,0,1,0,0,0,0,0,0,0,0,0,0,0,0,친박,1,1.0,1.0
0,0,0,0,0,0,0,0,0,0,0,0,1,0,0,0,0,0,여론조작,1,1.0,1.0
0,0,0,1,0,0,0,0,0,0,0,0,0,0,0,0,0,0,배짱,1,1.0,1.0
0,0,0,0,0,0,0,0,0,0,0,0,0,1,0,0,0,0,결혼식장,1,1.0,1.0
0,0,0,0,0,0,0,0,0,0,0,0,0,1,0,0,0,0,난동,1,1.0,1.0
0,0,0,0,0,0,0,1,0,0,0,0,0,0,0,0,0,0,여간,1,1.0,1.0
0,0,0,0,0,0,0,0,0,1,0,0,0,0,0,0,0,0,박근혜정부,1,1.0,1.0
1,0,0,0,0,0,0,0,0,0,0,0,0,0,0,0,0,0,악질,1,1.0,1.0
0,0,0,0,0,0,0,0,0,0,0,0,0,0,0,0,0,1,드네,1,1.0,1.0
0,1,0,0,0,0,0,0,0,0,0,0,0,0,0,0,0,0,제작사,1,1.0,1.0
0,0,0,0,0,0,0,0,0,0,0,0,1,0,0,0,0,0,집사,1,1.0,1.0
0,1,0,0,0,0,0,0,0,0,0,0,0,0,0,0,0,0,합천군,1,1.0,1.0
0,0,0,0,0,0,0,0,0,0,0,0,1,0,0,0,0,0,시흥,1,1.0,1.0
0,0,0,0,0,0,0,0,1,0,0,0,0,0,0,0,0,0,참고서,1,1.0,1.0
0,0,0,1,0,0,0,0,0,0,0,0,0,0,0,0,0,0,민초,1,1.0,1.0
0,0,0,0,0,0,0,0,0,0,0,0,1,0,0,0,0,0,노리개,1,1.0,1.0
1,0,0,0,0,0,0,0,0,0,0,0,0,0,0,0,0,0,구한,1,1.0,1.0
0,0,0,0,0,0,0,0,0,1,0,0,0,0,0,0,0,0,뇌물수수,1,1.0,1.0
0,0,0,0,1,0,0,0,0,0,0,0,0,0,0,0,0,0,정파,1,1.0,1.0
0,0,0,0,0,0,0,0,0,0,0,0,1,0,0,0,0,0,지탄,1,1.0,1.0
0,0,0,0,0,0,0,0,0,0,0,0,0,1,0,0,0,0,늬미랄,1,1.0,1.0
0,0,0,0,0,1,0,0,0,0,0,0,0,0,0,0,0,0,선거날,1,1.0,1.0
0,0,0,1,0,0,0,0,0,0,0,0,0,0,0,0,0,0,강국,1,1.0,1.0
1,0,0,0,0,0,0,0,0,0,0,0,0,0,0,0,0,0,모른체,1,1.0,1.0
0,0,0,1,0,0,0,0,0,0,0,0,0,0,0,0,0,0,어깨,1,1.0,1.0
0,0,0,0,0,0,0,0,0,0,1,0,0,0,0,0,0,0,유명인사,1,1.0,1.0
0,0,0,1,0,0,0,0,0,0,0,0,0,0,0,0,0,0,교육법,1,1.0,1.0
1,0,0,0,0,0,0,0,0,0,0,0,0,0,0,0,0,0,프로토콜,1,1.0,1.0
0,0,0,0,0,0,0,1,0,0,0,0,0,0,0,0,0,0,투신,1,1.0,1.0
0,0,0,1,0,0,0,0,0,0,0,0,0,0,0,0,0,0,과시,1,1.0,1.0
0,0,0,0,0,0,0,0,0,0,0,0,0,0,0,1,0,0,헤비,1,1.0,1.0
0,0,0,0,0,0,0,0,0,1,0,0,0,0,0,0,0,0,면치,1,1.0,1.0
0,0,0,0,0,0,0,0,0,0,0,0,1,0,0,0,0,0,중위,1,1.0,1.0
0,0,0,0,0,0,0,1,0,0,0,0,0,0,0,0,0,0,이사오,1,1.0,1.0
1,0,0,0,0,0,0,0,0,0,0,0,0,0,0,0,0,0,타박,1,1.0,1.0
0,0,0,0,0,0,0,0,0,0,0,0,0,1,0,0,0,0,후진국,1,1.0,1.0
0,0,0,0,0,0,0,0,0,1,0,0,0,0,0,0,0,0,의원직,1,1.0,1.0
0,0,0,0,0,1,0,0,0,0,0,0,0,0,0,0,0,0,참전용사,1,1.0,1.0
0,0,0,0,0,0,0,0,0,0,0,0,1,0,0,0,0,0,보증금,1,1.0,1.0
0,0,0,0,0,0,0,0,0,1,0,0,0,0,0,0,0,0,박달,1,1.0,1.0
0,0,0,0,0,0,0,0,0,1,0,0,0,0,0,0,0,0,조국,1,1.0,1.0
1,0,0,0,0,0,0,0,0,0,0,0,0,0,0,0,0,0,이일,1,1.0,1.0
1,0,0,0,0,0,0,0,0,0,0,0,0,0,0,0,0,0,놀란,1,1.0,1.0
0,0,0,0,0,0,0,0,1,0,0,0,0,0,0,0,0,0,흥미,1,1.0,1.0
0,0,0,0,0,0,0,1,0,0,0,0,0,0,0,0,0,0,해인,1,1.0,1.0
0,0,0,0,0,0,0,0,0,0,1,0,0,0,0,0,0,0,초상권,1,1.0,1.0
0,0,0,0,1,0,0,0,0,0,0,0,0,0,0,0,0,0,릴,1,1.0,1.0
0,0,0,0,0,0,0,0,0,0,0,0,1,0,0,0,0,0,기일,1,1.0,1.0
0,0,0,0,0,0,1,0,0,0,0,0,0,0,0,0,0,0,뺑소니,1,1.0,1.0
0,0,0,0,0,0,0,1,0,0,0,0,0,0,0,0,0,0,증서,1,1.0,1.0
0,0,0,0,0,0,0,0,0,0,0,0,0,0,0,1,0,0,샤워실,1,1.0,1.0
0,0,0,0,0,0,0,0,0,0,0,0,1,0,0,0,0,0,터전,1,1.0,1.0
0,0,0,0,0,0,0,0,0,0,0,0,0,1,0,0,0,0,아침밥,1,1.0,1.0
1,0,0,0,0,0,0,0,0,0,0,0,0,0,0,0,0,0,희귀암,1,1.0,1.0
0,0,0,0,0,0,1,0,0,0,0,0,0,0,0,0,0,0,비례,1,1.0,1.0
0,0,0,0,0,0,0,0,0,0,0,0,0,0,0,1,0,0,여론조사,1,1.0,1.0
0,0,0,0,0,0,0,0,0,1,0,0,0,0,0,0,0,0,모조리,1,1.0,1.0
0,0,0,0,0,0,0,0,0,0,0,0,0,1,0,0,0,0,김어준,1,1.0,1.0
0,0,0,0,0,0,0,0,0,0,0,1,0,0,0,0,0,0,접합,1,1.0,1.0
0,0,0,0,0,0,0,0,1,0,0,0,0,0,0,0,0,0,몸소,1,1.0,1.0
0,0,0,0,0,0,0,0,0,0,0,0,0,0,0,0,1,0,환란,1,1.0,1.0
0,0,0,0,0,0,0,0,0,0,0,0,0,1,0,0,0,0,제자리,1,1.0,1.0
0,0,0,0,0,0,0,0,0,0,0,0,0,1,0,0,0,0,인계,1,1.0,1.0
0,1,0,0,0,0,0,0,0,0,0,0,0,0,0,0,0,0,단정,1,1.0,1.0
0,0,0,0,0,0,0,0,0,1,0,0,0,0,0,0,0,0,군부,1,1.0,1.0
0,0,0,1,0,0,0,0,0,0,0,0,0,0,0,0,0,0,클락,1,1.0,1.0
0,0,0,0,0,0,0,0,0,0,0,0,1,0,0,0,0,0,바라냐,1,1.0,1.0
0,0,0,0,0,0,0,0,0,0,0,0,0,0,0,1,0,0,투숙,1,1.0,1.0
0,0,0,0,0,0,0,1,0,0,0,0,0,0,0,0,0,0,수동,1,1.0,1.0
1,0,0,0,0,0,0,0,0,0,0,0,0,0,0,0,0,0,가령,1,1.0,1.0
0,0,0,0,0,0,0,0,0,1,0,0,0,0,0,0,0,0,정독,1,1.0,1.0
0,0,0,0,0,0,0,0,0,1,0,0,0,0,0,0,0,0,재벌,1,1.0,1.0
0,1,0,0,0,0,0,0,0,0,0,0,0,0,0,0,0,0,기습,1,1.0,1.0
0,0,0,0,0,0,0,0,0,0,0,1,0,0,0,0,0,0,하물며,1,1.0,1.0
0,0,0,0,0,0,0,0,0,0,0,0,0,1,0,0,0,0,화물차,1,1.0,1.0
0,0,0,1,0,0,0,0,0,0,0,0,0,0,0,0,0,0,벌크선,1,1.0,1.0
0,0,0,0,0,0,0,1,0,0,0,0,0,0,0,0,0,0,미망인,1,1.0,1.0
1,0,0,0,0,0,0,0,0,0,0,0,0,0,0,0,0,0,전전긍긍,1,1.0,1.0
0,0,0,0,0,0,0,0,0,0,0,1,0,0,0,0,0,0,누,1,1.0,1.0
0,0,0,0,0,0,0,0,0,0,0,0,0,1,0,0,0,0,대못,1,1.0,1.0
0,0,0,0,0,0,0,0,0,0,0,0,0,0,0,1,0,0,대국민,1,1.0,1.0
0,0,0,1,0,0,0,0,0,0,0,0,0,0,0,0,0,0,조선소,1,1.0,1.0
0,0,0,0,0,0,0,0,0,0,0,0,0,0,0,1,0,0,다운로드,1,1.0,1.0
0,0,0,0,0,0,0,0,0,1,0,0,0,0,0,0,0,0,자숙,1,1.0,1.0
0,0,0,0,0,0,0,0,0,0,1,0,0,0,0,0,0,0,눈살,1,1.0,1.0
0,0,0,0,0,0,0,0,0,0,0,0,1,0,0,0,0,0,노르딕,1,1.0,1.0
0,0,0,0,0,0,0,0,0,1,0,0,0,0,0,0,0,0,기절,1,1.0,1.0
0,0,0,0,0,0,1,0,0,0,0,0,0,0,0,0,0,0,퇴거,1,1.0,1.0
0,0,0,0,0,0,0,0,0,0,0,1,0,0,0,0,0,0,법률상,1,1.0,1.0
0,0,0,0,0,0,0,0,0,0,0,0,0,0,0,0,1,0,합신,1,1.0,1.0
0,0,0,0,0,1,0,0,0,0,0,0,0,0,0,0,0,0,수요일,1,1.0,1.0
0,0,0,0,0,0,0,0,0,0,0,1,0,0,0,0,0,0,절대로,1,1.0,1.0
0,0,0,0,0,0,0,1,0,0,0,0,0,0,0,0,0,0,추행,1,1.0,1.0
0,0,0,0,0,0,0,0,1,0,0,0,0,0,0,0,0,0,한화,1,1.0,1.0
0,0,0,0,0,0,0,0,0,0,0,1,0,0,0,0,0,0,모이,1,1.0,1.0
0,0,0,1,0,0,0,0,0,0,0,0,0,0,0,0,0,0,지금껏,1,1.0,1.0
0,0,0,0,0,0,0,1,0,0,0,0,0,0,0,0,0,0,살날,1,1.0,1.0
0,0,0,0,0,0,0,0,1,0,0,0,0,0,0,0,0,0,리조트,1,1.0,1.0
0,0,0,1,0,0,0,0,0,0,0,0,0,0,0,0,0,0,기간산업,1,1.0,1.0
0,0,0,0,1,0,0,0,0,0,0,0,0,0,0,0,0,0,난립,1,1.0,1.0
0,0,0,0,0,0,0,0,1,0,0,0,0,0,0,0,0,0,허핑턴,1,1.0,1.0
0,0,0,0,0,0,0,0,0,0,0,0,0,0,0,0,1,0,소유자,1,1.0,1.0
0,0,0,0,0,0,0,0,0,0,0,0,0,0,0,1,0,0,간담,1,1.0,1.0
0,0,0,0,1,0,0,0,0,0,0,0,0,0,0,0,0,0,폐악,1,1.0,1.0
0,0,0,0,0,0,0,0,0,0,0,0,1,0,0,0,0,0,웰,1,1.0,1.0
0,0,0,0,0,0,0,0,0,0,1,0,0,0,0,0,0,0,맥락,1,1.0,1.0
0,1,0,0,0,0,0,0,0,0,0,0,0,0,0,0,0,0,페인트,1,1.0,1.0
0,0,0,1,0,0,0,0,0,0,0,0,0,0,0,0,0,0,성덕고,1,1.0,1.0
0,0,0,0,0,0,0,0,0,0,0,1,0,0,0,0,0,0,숨,1,1.0,1.0
0,0,0,0,0,0,0,0,0,0,0,0,1,0,0,0,0,0,파,1,1.0,1.0
0,0,0,0,0,0,0,0,0,0,0,0,0,0,0,1,0,0,간암,1,1.0,1.0
0,0,0,0,0,0,0,0,0,0,0,0,1,0,0,0,0,0,각고,1,1.0,1.0
0,0,0,0,0,0,0,0,0,1,0,0,0,0,0,0,0,0,산남,1,1.0,1.0
0,1,0,0,0,0,0,0,0,0,0,0,0,0,0,0,0,0,균형발전,1,1.0,1.0
0,0,0,0,0,0,0,0,0,0,0,0,0,1,0,0,0,0,발췌,1,1.0,1.0
0,0,0,0,0,0,0,0,0,0,0,0,1,0,0,0,0,0,이사도,1,1.0,1.0
0,0,0,1,0,0,0,0,0,0,0,0,0,0,0,0,0,0,폐허,1,1.0,1.0
0,0,0,0,0,0,0,0,0,0,0,0,0,1,0,0,0,0,유전,1,1.0,1.0
0,0,0,0,0,0,0,0,1,0,0,0,0,0,0,0,0,0,오른,1,1.0,1.0
0,0,0,0,0,0,0,1,0,0,0,0,0,0,0,0,0,0,비행장,1,1.0,1.0
0,0,0,0,0,0,0,0,1,0,0,0,0,0,0,0,0,0,운전면허,1,1.0,1.0
0,0,0,0,0,0,0,0,0,0,0,0,0,0,0,1,0,0,성적지향,1,1.0,1.0
0,1,0,0,0,0,0,0,0,0,0,0,0,0,0,0,0,0,도시화,1,1.0,1.0
0,0,1,0,0,0,0,0,0,0,0,0,0,0,0,0,0,0,형법,1,1.0,1.0
0,0,0,0,0,0,0,0,0,0,0,0,0,1,0,0,0,0,김승하,1,1.0,1.0
0,0,0,0,0,0,0,0,0,0,0,1,0,0,0,0,0,0,일괄,1,1.0,1.0
0,0,0,0,0,0,0,0,0,0,0,0,0,1,0,0,0,0,수배,1,1.0,1.0
0,0,0,0,0,0,0,0,0,0,0,1,0,0,0,0,0,0,국방의무,1,1.0,1.0
0,0,0,0,0,0,0,0,0,1,0,0,0,0,0,0,0,0,자멸,1,1.0,1.0
1,0,0,0,0,0,0,0,0,0,0,0,0,0,0,0,0,0,전라도,1,1.0,1.0
0,0,0,0,0,0,0,0,0,0,0,0,0,1,0,0,0,0,트리스,1,1.0,1.0
0,0,0,0,0,0,0,0,0,0,0,0,1,0,0,0,0,0,평형,1,1.0,1.0
1,0,0,0,0,0,0,0,0,0,0,0,0,0,0,0,0,0,구나,1,1.0,1.0
0,1,0,0,0,0,0,0,0,0,0,0,0,0,0,0,0,0,홈,1,1.0,1.0
0,0,0,0,0,1,0,0,0,0,0,0,0,0,0,0,0,0,롤,1,1.0,1.0
1,0,0,0,0,0,0,0,0,0,0,0,0,0,0,0,0,0,말리,1,1.0,1.0
0,0,0,0,0,0,0,0,0,0,0,1,0,0,0,0,0,0,선포,1,1.0,1.0
0,0,0,0,0,0,0,0,0,0,0,0,1,0,0,0,0,0,국민임대,1,1.0,1.0
0,0,0,0,0,0,0,0,1,0,0,0,0,0,0,0,0,0,성숙,1,1.0,1.0
0,1,0,0,0,0,0,0,0,0,0,0,0,0,0,0,0,0,유닛,1,1.0,1.0
0,0,0,0,0,0,0,0,1,0,0,0,0,0,0,0,0,0,변,1,1.0,1.0
0,0,0,0,0,1,0,0,0,0,0,0,0,0,0,0,0,0,발동,1,1.0,1.0
0,0,0,0,0,0,0,1,0,0,0,0,0,0,0,0,0,0,트집,1,1.0,1.0
0,0,0,0,0,0,0,0,0,0,0,0,1,0,0,0,0,0,주도,1,1.0,1.0
0,0,0,0,0,0,0,0,1,0,0,0,0,0,0,0,0,0,적접,1,1.0,1.0
1,0,0,0,0,0,0,0,0,0,0,0,0,0,0,0,0,0,악법,1,1.0,1.0
0,0,0,0,0,0,0,0,0,0,1,0,0,0,0,0,0,0,비키,1,1.0,1.0
0,0,0,0,0,0,0,0,0,0,0,0,0,1,0,0,0,0,떵떵,1,1.0,1.0
0,0,0,1,0,0,0,0,0,0,0,0,0,0,0,0,0,0,답사,1,1.0,1.0
0,0,0,0,0,0,0,0,1,0,0,0,0,0,0,0,0,0,단가,1,1.0,1.0
0,0,0,0,0,0,0,1,0,0,0,0,0,0,0,0,0,0,우송,1,1.0,1.0
0,0,0,0,1,0,0,0,0,0,0,0,0,0,0,0,0,0,감사원,1,1.0,1.0
0,1,0,0,0,0,0,0,0,0,0,0,0,0,0,0,0,0,인터뷰,1,1.0,1.0
0,0,0,0,0,0,0,0,0,0,0,0,1,0,0,0,0,0,증오,1,1.0,1.0
0,0,0,0,0,0,0,0,1,0,0,0,0,0,0,0,0,0,헤럴드경제,1,1.0,1.0
0,0,0,0,0,0,0,0,1,0,0,0,0,0,0,0,0,0,격인,1,1.0,1.0
0,0,0,0,0,0,0,0,0,0,0,0,0,0,0,1,0,0,조해,1,1.0,1.0
0,0,0,0,0,0,0,0,1,0,0,0,0,0,0,0,0,0,현판,1,1.0,1.0
0,0,0,0,0,0,0,0,0,1,0,0,0,0,0,0,0,0,석수,1,1.0,1.0
0,0,0,0,0,0,0,0,0,0,0,0,0,0,0,1,0,0,은밀,1,1.0,1.0
0,0,0,0,0,0,0,0,0,0,0,0,0,0,0,0,0,1,왼손,1,1.0,1.0
0,0,0,0,0,0,0,0,0,0,0,1,0,0,0,0,0,0,폐쇄회,1,1.0,1.0
0,0,0,0,0,0,1,0,0,0,0,0,0,0,0,0,0,0,준법,1,1.0,1.0
0,0,0,0,0,0,0,0,1,0,0,0,0,0,0,0,0,0,속셈,1,1.0,1.0
0,0,0,0,0,0,0,0,0,0,0,1,0,0,0,0,0,0,전술,1,1.0,1.0
0,1,0,0,0,0,0,0,0,0,0,0,0,0,0,0,0,0,총구,1,1.0,1.0
0,0,0,0,0,0,0,0,1,0,0,0,0,0,0,0,0,0,공존,1,1.0,1.0
0,0,0,0,0,0,0,0,0,0,0,0,0,0,0,0,1,0,합동,1,1.0,1.0
0,0,0,0,0,0,0,1,0,0,0,0,0,0,0,0,0,0,꿈치,1,1.0,1.0
0,0,0,0,0,0,0,0,0,0,0,0,0,0,0,1,0,0,역사상,1,1.0,1.0
0,0,0,0,0,1,0,0,0,0,0,0,0,0,0,0,0,0,행세,1,1.0,1.0
0,0,0,0,0,0,0,0,0,0,0,0,1,0,0,0,0,0,검찰총장,1,1.0,1.0
0,0,0,0,0,0,0,1,0,0,0,0,0,0,0,0,0,0,안호재,1,1.0,1.0
0,0,0,0,0,0,0,0,0,0,0,0,1,0,0,0,0,0,아미,1,1.0,1.0
0,0,0,0,0,0,0,0,0,0,0,1,0,0,0,0,0,0,비노,1,1.0,1.0
0,0,0,1,0,0,0,0,0,0,0,0,0,0,0,0,0,0,활기,1,1.0,1.0
0,1,0,0,0,0,0,0,0,0,0,0,0,0,0,0,0,0,칸,1,1.0,1.0
0,0,0,0,0,0,0,0,1,0,0,0,0,0,0,0,0,0,수중,1,1.0,1.0
0,0,0,0,0,0,0,0,0,0,0,0,0,1,0,0,0,0,정신병,1,1.0,1.0
0,0,0,0,0,0,0,1,0,0,0,0,0,0,0,0,0,0,한겨레신문사,1,1.0,1.0
1,0,0,0,0,0,0,0,0,0,0,0,0,0,0,0,0,0,전정긍긍,1,1.0,1.0
0,0,0,1,0,0,0,0,0,0,0,0,0,0,0,0,0,0,일원화,1,1.0,1.0
0,0,0,1,0,0,0,0,0,0,0,0,0,0,0,0,0,0,회의실,1,1.0,1.0
0,0,0,0,0,0,0,0,0,1,0,0,0,0,0,0,0,0,불명예,1,1.0,1.0
0,0,0,0,0,0,0,0,0,0,0,0,1,0,0,0,0,0,싼타페,1,1.0,1.0
0,0,0,0,0,0,0,1,0,0,0,0,0,0,0,0,0,0,구시대,1,1.0,1.0
0,0,0,0,0,0,0,0,0,0,0,0,1,0,0,0,0,0,빙빙,1,1.0,1.0
0,0,0,0,0,0,0,0,0,0,0,0,0,0,0,0,0,1,퍼,1,1.0,1.0
0,0,0,0,1,0,0,0,0,0,0,0,0,0,0,0,0,0,사브,1,1.0,1.0
0,0,0,0,0,0,0,0,0,1,0,0,0,0,0,0,0,0,박광온,1,1.0,1.0
0,0,0,0,0,0,0,0,0,0,0,0,1,0,0,0,0,0,대방,1,1.0,1.0
0,0,0,0,0,0,1,0,0,0,0,0,0,0,0,0,0,0,브랜드,1,1.0,1.0
0,1,0,0,0,0,0,0,0,0,0,0,0,0,0,0,0,0,소총,1,1.0,1.0
0,0,0,0,0,0,0,0,0,0,0,1,0,0,0,0,0,0,어이,1,1.0,1.0
0,0,0,0,0,0,0,1,0,0,0,0,0,0,0,0,0,0,진달래,1,1.0,1.0
0,0,0,0,0,0,0,0,0,0,0,0,0,1,0,0,0,0,동부,1,1.0,1.0
0,0,0,0,0,0,0,0,0,0,0,0,1,0,0,0,0,0,덩어리,1,1.0,1.0
0,0,0,1,0,0,0,0,0,0,0,0,0,0,0,0,0,0,야생,1,1.0,1.0
0,0,0,0,0,0,0,0,0,0,0,0,1,0,0,0,0,0,관세청,1,1.0,1.0
0,0,0,0,1,0,0,0,0,0,0,0,0,0,0,0,0,0,약화,1,1.0,1.0
0,1,0,0,0,0,0,0,0,0,0,0,0,0,0,0,0,0,영구,1,1.0,1.0
0,0,0,0,0,0,0,0,0,0,0,0,0,1,0,0,0,0,야적,1,1.0,1.0
0,0,0,0,0,0,0,0,0,0,0,0,0,0,0,0,0,1,떼,1,1.0,1.0
0,0,0,0,0,0,0,0,0,0,0,1,0,0,0,0,0,0,적신호,1,1.0,1.0
0,0,0,0,0,0,0,0,0,1,0,0,0,0,0,0,0,0,거북목,1,1.0,1.0
0,0,0,0,0,0,0,0,1,0,0,0,0,0,0,0,0,0,접근권,1,1.0,1.0
0,1,0,0,0,0,0,0,0,0,0,0,0,0,0,0,0,0,탄환,1,1.0,1.0
0,0,0,0,0,0,0,0,0,0,0,1,0,0,0,0,0,0,투철,1,1.0,1.0
0,0,0,0,0,0,0,1,0,0,0,0,0,0,0,0,0,0,발라,1,1.0,1.0
0,0,0,0,0,0,0,0,0,1,0,0,0,0,0,0,0,0,분량,1,1.0,1.0
1,0,0,0,0,0,0,0,0,0,0,0,0,0,0,0,0,0,부인과,1,1.0,1.0
0,0,0,0,0,0,0,0,0,0,0,0,1,0,0,0,0,0,촉발,1,1.0,1.0
0,1,0,0,0,0,0,0,0,0,0,0,0,0,0,0,0,0,충북,1,1.0,1.0
0,0,0,1,0,0,0,0,0,0,0,0,0,0,0,0,0,0,단내,1,1.0,1.0
0,0,0,1,0,0,0,0,0,0,0,0,0,0,0,0,0,0,등하교,1,1.0,1.0
0,0,0,1,0,0,0,0,0,0,0,0,0,0,0,0,0,0,푹,1,1.0,1.0
0,1,0,0,0,0,0,0,0,0,0,0,0,0,0,0,0,0,시가전,1,1.0,1.0
0,0,0,1,0,0,0,0,0,0,0,0,0,0,0,0,0,0,원유,1,1.0,1.0
0,0,0,0,0,0,0,0,0,0,0,0,0,0,0,0,1,0,일몰,1,1.0,1.0
0,0,0,0,0,0,0,0,0,1,0,0,0,0,0,0,0,0,선대,1,1.0,1.0
0,0,0,0,0,0,0,0,0,0,0,0,0,1,0,0,0,0,오영식,1,1.0,1.0
0,0,0,0,1,0,0,0,0,0,0,0,0,0,0,0,0,0,접종,1,1.0,1.0
0,0,0,0,0,0,0,0,0,0,0,0,1,0,0,0,0,0,안쪽,1,1.0,1.0
