2017-08,2017-09,2017-10,2017-11,2017-12,2018-01,2018-02,2018-03,2018-04,2018-05,2018-06,2018-07,2018-08,2018-09,2018-10,2018-11,2018-12,2019-01,all
1171,17040,5930,29425,18377,31251,25696,21624,23044,25254,25387,25772,27783,23916,25740,23360,20125,335,371230
840,7428,3834,15300,14391,26056,23152,19122,21988,23465,23179,24335,26067,22596,24754,22417,18626,270,317820
653,4448,2688,9866,11543,21793,20466,16447,19908,21035,20352,22288,23797,20635,23259,20801,16527,194,276700
537,3049,2008,7353,9437,18506,17982,14126,17758,18769,17743,20340,21666,18642,21577,19140,14515,150,243298
460,2319,1616,5814,8020,15940,15912,12347,15870,16819,15565,18664,19797,16866,19991,17515,12854,116,216485
398,1858,1331,4779,6950,13886,14197,10854,14288,15192,13936,17196,18218,15358,18589,16031,11502,92,194655
361,1584,1118,4053,6061,12163,12735,9663,13137,13811,12598,15947,16892,14116,17325,14762,10406,73,176805
335,1393,958,3477,5393,10821,11511,8684,12108,12714,11470,14889,15759,13038,16174,13651,9438,59,161872
322,1235,851,3040,4833,9629,10494,7924,11274,11816,10590,13988,14766,12064,15138,12690,8658,51,149363
303,1137,754,2696,4358,8662,9649,7218,10566,11017,9815,13193,13861,11188,14284,11787,8019,44,138551
290,1066,676,2415,3964,7819,8907,6624,9919,10372,9109,12461,13003,10492,13394,11047,7427,38,129023
277,1006,610,2209,3680,7181,8257,6164,9422,9794,8511,11847,12245,9779,12642,10326,6919,34,120903
267,933,555,2052,3449,6616,7640,5751,8949,9290,8048,11331,11611,9198,11988,9753,6445,29,113905
256,885,515,1908,3222,6141,7140,5403,8496,8790,7589,10808,10928,8621,11375,9161,6012,26,107276
252,840,488,1777,3022,5722,6701,5104,8097,8363,7189,10372,10308,8103,10802,8667,5645,25,101477
250,809,459,1650,2851,5353,6311,4812,7790,7984,6886,9938,9719,7644,10266,8191,5349,24,96286
238,776,442,1545,2691,5031,5974,4556,7501,7680,6587,9565,9188,7198,9794,7742,5060,23,91591
234,752,418,1444,2559,4719,5644,4342,7217,7361,6327,9214,8704,6791,9344,7335,4819,22,87246
228,723,388,1358,2453,4464,5384,4166,6980,7071,6062,8866,8249,6378,8893,6958,4541,21,83183
228,703,360,1288,2342,4231,5102,3998,6766,6857,5848,8545,7836,6011,8475,6604,4339,17,79550
224,687,345,1210,2251,4056,4868,3831,6551,6609,5621,8274,7474,5662,8138,6295,4123,15,76234
218,664,332,1170,2152,3875,4652,3695,6362,6374,5437,8013,7101,5318,7789,5983,3928,14,73077
213,652,321,1136,2073,3711,4446,3548,6192,6203,5253,7766,6743,4981,7465,5695,3751,14,70163
209,638,311,1084,1986,3565,4264,3421,6028,6006,5091,7525,6414,4669,7158,5463,3598,13,67443
204,627,303,1050,1912,3430,4077,3308,5867,5855,4909,7285,6099,4402,6872,5240,3471,13,64924
203,613,291,1018,1842,3317,3935,3185,5722,5692,4784,7049,5796,4174,6620,5053,3325,10,62629
202,604,284,989,1787,3204,3816,3090,5590,5522,4649,6861,5529,3942,6361,4848,3227,10,60515
202,590,275,960,1736,3107,3687,3003,5449,5375,4534,6666,5288,3726,6114,4662,3127,9,58510
200,581,269,933,1683,3026,3547,2914,5304,5240,4395,6472,5063,3520,5883,4473,3027,9,56539
198,576,262,907,1637,2909,3425,2820,5196,5090,4261,6293,4810,3354,5675,4309,2944,8,54674
197,563,258,889,1580,2831,3304,2752,5091,4961,4149,6132,4591,3184,5500,4155,2865,6,53008
196,555,253,866,1544,2767,3208,2684,4983,4834,4036,5986,4400,3038,5308,4023,2799,6,51486
192,545,250,844,1504,2695,3117,2629,4883,4736,3941,5837,4198,2899,5130,3894,2735,6,50035
189,533,244,822,1472,2634,3023,2572,4784,4616,3850,5705,3995,2758,4939,3786,2674,6,48602
187,528,238,801,1441,2572,2949,2520,4686,4518,3761,5565,3805,2640,4790,3678,2618,6,47303
184,522,238,775,1409,2514,2859,2454,4603,4434,3680,5423,3636,2535,4624,3577,2557,6,46030
183,518,236,761,1388,2460,2791,2403,4516,4328,3604,5293,3503,2436,4480,3481,2504,4,44889
182,513,234,744,1353,2405,2717,2358,4437,4246,3545,5170,3373,2334,4343,3379,2447,4,43784
181,506,229,730,1324,2353,2662,2316,4358,4154,3452,5063,3235,2239,4216,3295,2377,4,42694
178,497,228,718,1301,2299,2592,2266,4279,4057,3362,4940,3133,2143,4106,3213,2318,4,41634
177,493,225,705,1277,2257,2543,2226,4217,3967,3291,4829,3025,2077,4003,3127,2278,4,40721
175,487,223,691,1261,2219,2471,2185,4147,3877,3214,4730,2933,2002,3907,3058,2244,4,39828
174,482,221,680,1247,2176,2409,2149,4071,3807,3150,4611,2829,1933,3809,2987,2197,4,38936
171,473,221,670,1222,2130,2361,2108,4004,3744,3103,4500,2742,1884,3710,2932,2150,4,38129
171,466,220,662,1192,2094,2314,2072,3935,3686,3037,4390,2652,1836,3610,2863,2117,4,37321
171,460,217,649,1174,2055,2264,2036,3883,3596,2983,4282,2572,1799,3536,2809,2071,4,36561
168,454,216,636,1157,2019,2218,2012,3823,3542,2931,4147,2489,1744,3439,2730,2037,4,35766
166,452,214,628,1140,1992,2175,1989,3765,3476,2886,4065,2406,1700,3344,2659,1995,4,35056
165,448,211,618,1123,1953,2125,1960,3702,3408,2820,3955,2327,1661,3249,2606,1964,4,34299
162,446,209,613,1113,1919,2081,1928,3636,3342,2757,3887,2247,1621,3176,2552,1930,4,33623
161,446,207,607,1098,1892,2037,1897,3577,3283,2696,3807,2166,1596,3098,2512,1907,4,32991
161,444,206,601,1087,1871,2000,1866,3527,3200,2652,3700,2107,1565,3024,2469,1874,4,32358
161,442,205,594,1069,1845,1964,1842,3480,3138,2599,3595,2053,1530,2963,2416,1847,4,31747
159,436,205,591,1050,1821,1939,1818,3428,3072,2544,3503,2001,1501,2902,2385,1826,4,31185
157,432,205,580,1036,1787,1907,1791,3379,3023,2484,3432,1948,1467,2852,2345,1790,4,30619
157,427,205,571,1021,1764,1878,1762,3328,2974,2448,3358,1903,1438,2792,2306,1758,4,30094
157,422,205,565,1007,1739,1853,1741,3276,2930,2404,3289,1863,1416,2744,2267,1722,4,29604
155,418,203,558,992,1714,1826,1720,3246,2893,2358,3207,1812,1388,2699,2222,1697,4,29112
155,416,199,555,979,1694,1798,1702,3208,2856,2310,3138,1768,1368,2651,2187,1674,4,28662
155,414,197,549,967,1677,1767,1675,3162,2821,2269,3066,1721,1349,2606,2153,1641,4,28193
153,412,196,546,956,1654,1737,1657,3121,2776,2225,3011,1677,1329,2563,2122,1607,4,27746
153,409,194,540,946,1639,1713,1648,3081,2725,2180,2960,1638,1308,2512,2093,1579,4,27322
153,404,192,537,933,1617,1685,1629,3039,2678,2145,2908,1595,1290,2472,2057,1546,4,26884
151,403,191,534,921,1592,1661,1605,2996,2629,2111,2853,1556,1266,2437,2023,1511,4,26444
150,397,189,530,911,1569,1636,1587,2968,2592,2075,2794,1523,1252,2399,2004,1476,4,26056
149,392,188,527,903,1547,1619,1571,2924,2557,2046,2733,1501,1231,2361,1976,1440,4,25669
148,389,185,519,895,1532,1594,1556,2893,2518,2015,2694,1466,1213,2325,1942,1406,4,25294
148,387,184,515,888,1517,1566,1545,2853,2484,2007,2646,1431,1199,2284,1913,1371,4,24942
147,377,183,512,877,1497,1540,1522,2819,2459,1972,2593,1413,1178,2250,1886,1347,4,24576
147,373,183,509,871,1475,1519,1507,2790,2422,1944,2555,1384,1163,2213,1858,1319,4,24236
145,370,183,501,866,1461,1501,1500,2754,2391,1916,2510,1367,1148,2178,1841,1287,4,23923
144,367,182,498,857,1444,1481,1491,2723,2358,1891,2465,1340,1134,2149,1814,1254,4,23596
142,364,182,493,855,1431,1460,1476,2702,2330,1873,2430,1318,1126,2115,1796,1217,4,23314
140,361,180,490,847,1416,1451,1458,2660,2302,1844,2383,1293,1116,2083,1772,1194,3,22993
139,359,180,482,837,1403,1433,1445,2627,2261,1823,2342,1268,1108,2063,1747,1171,3,22691
138,356,176,479,834,1385,1421,1432,2587,2232,1785,2309,1251,1101,2035,1732,1146,3,22402
137,355,175,473,824,1367,1403,1415,2564,2210,1751,2283,1238,1094,1997,1718,1126,3,22133
137,351,174,471,813,1356,1386,1404,2532,2185,1740,2238,1223,1080,1974,1694,1114,3,21875
135,348,173,470,802,1345,1366,1398,2512,2168,1713,2205,1203,1068,1946,1668,1105,3,21628
134,347,173,464,793,1339,1355,1385,2489,2147,1684,2175,1185,1064,1918,1652,1092,3,21399
133,346,173,464,789,1325,1341,1370,2470,2111,1658,2142,1164,1055,1882,1639,1074,3,21139
132,344,172,460,782,1316,1334,1356,2437,2086,1635,2112,1153,1045,1853,1622,1053,3,20895
132,344,171,453,775,1306,1315,1353,2414,2057,1613,2081,1138,1037,1824,1601,1044,3,20661
131,344,171,452,767,1294,1294,1343,2395,2034,1589,2048,1120,1027,1801,1585,1031,3,20429
129,341,170,449,762,1282,1279,1336,2366,2013,1573,2017,1105,1014,1780,1569,1018,3,20206
128,341,169,444,758,1275,1265,1330,2341,1985,1555,1985,1095,1007,1760,1549,1006,3,19996
127,340,169,442,752,1267,1256,1319,2317,1972,1538,1960,1084,998,1742,1528,992,3,19806
127,340,168,440,744,1251,1247,1309,2294,1959,1520,1934,1068,988,1718,1518,981,3,19609
127,336,167,439,739,1240,1232,1298,2273,1934,1499,1913,1056,976,1691,1512,973,3,19408
126,336,167,437,733,1224,1223,1286,2247,1913,1482,1891,1045,970,1676,1500,963,3,19222
125,335,166,433,726,1213,1214,1280,2223,1888,1464,1869,1030,964,1654,1479,957,3,19023
125,332,166,429,721,1209,1197,1273,2197,1867,1448,1845,1020,950,1639,1470,945,3,18836
125,330,165,425,717,1195,1185,1259,2175,1846,1431,1826,1012,938,1617,1459,935,3,18643
124,327,162,424,714,1187,1173,1256,2149,1838,1419,1806,1002,928,1593,1443,919,3,18467
123,323,162,422,709,1182,1165,1249,2123,1822,1404,1789,992,920,1575,1427,909,3,18299
123,323,162,418,706,1175,1161,1238,2108,1803,1392,1770,980,918,1560,1415,894,3,18149
123,322,161,413,699,1170,1151,1232,2091,1778,1377,1751,971,914,1544,1399,886,3,17985
122,320,161,408,689,1161,1136,1226,2077,1760,1365,1739,967,906,1532,1389,876,3,17837
122,320,160,405,686,1153,1129,1219,2067,1743,1352,1726,950,894,1517,1375,872,3,17693
122,317,160,404,681,1143,1120,1215,2049,1728,1342,1712,942,890,1502,1364,864,3,17558
121,317,160,402,678,1137,1111,1208,2027,1715,1332,1703,932,888,1491,1356,856,3,17437
120,317,160,401,676,1134,1106,1200,2009,1698,1321,1686,926,883,1474,1342,850,3,17306
120,315,158,401,674,1125,1101,1189,1993,1687,1308,1670,920,878,1463,1324,846,3,17175
120,313,154,401,674,1119,1092,1183,1983,1679,1296,1653,914,872,1448,1312,840,3,17056
120,313,154,397,668,1109,1084,1182,1968,1664,1288,1639,898,866,1436,1299,835,3,16923
119,312,153,394,665,1101,1075,1179,1955,1649,1280,1623,893,859,1430,1283,833,3,16806
118,310,153,392,664,1096,1071,1174,1941,1641,1272,1605,884,852,1416,1273,826,3,16691
117,308,152,390,663,1082,1068,1166,1922,1626,1262,1594,876,843,1405,1262,821,3,16560
117,307,152,389,656,1071,1060,1155,1904,1617,1247,1585,866,841,1395,1257,814,3,16436
117,307,150,386,650,1066,1051,1152,1887,1603,1235,1569,861,836,1385,1247,803,3,16308
117,305,150,384,647,1058,1042,1144,1871,1582,1227,1558,852,829,1371,1241,797,3,16178
116,305,149,384,646,1057,1030,1141,1855,1574,1219,1545,845,821,1362,1233,792,3,16077
116,303,148,380,643,1047,1021,1133,1842,1562,1209,1533,839,816,1355,1224,786,3,15960
116,301,147,379,639,1037,1015,1129,1835,1544,1200,1525,826,814,1348,1209,783,3,15850
115,300,147,377,638,1035,1011,1126,1824,1532,1187,1512,820,808,1335,1199,776,3,15745
115,299,147,375,634,1033,1008,1122,1805,1518,1183,1498,813,803,1322,1188,771,3,15637
115,298,146,373,631,1028,1002,1118,1791,1509,1177,1483,808,798,1306,1182,763,3,15531
113,298,146,373,629,1020,989,1112,1777,1500,1168,1472,803,793,1301,1169,755,3,15421
112,297,145,370,626,1013,984,1105,1765,1489,1159,1451,802,788,1289,1164,750,3,15312
112,297,145,367,624,1010,981,1102,1754,1477,1152,1432,798,778,1279,1153,747,3,15211
112,297,145,367,618,1005,973,1092,1731,1468,1142,1420,793,777,1269,1142,741,3,15095
112,297,145,367,612,999,967,1091,1719,1450,1132,1405,789,769,1259,1132,739,3,14987
112,297,145,366,609,995,962,1082,1716,1442,1125,1398,783,768,1250,1129,732,3,14914
111,297,145,366,607,991,957,1074,1701,1431,1117,1391,780,766,1246,1127,731,3,14841
111,296,145,366,604,986,949,1068,1693,1421,1108,1380,775,761,1237,1117,721,3,14741
110,295,145,365,598,982,946,1059,1686,1411,1095,1376,769,758,1223,1104,716,3,14641
109,294,145,364,594,980,937,1055,1671,1396,1090,1370,765,757,1214,1095,709,3,14548
109,294,145,363,593,973,932,1050,1657,1384,1084,1355,759,756,1204,1089,707,3,14457
109,294,145,361,591,966,926,1046,1651,1370,1075,1346,755,752,1196,1080,703,3,14369
109,294,145,360,589,962,921,1041,1631,1360,1071,1333,749,748,1189,1077,698,3,14280
109,294,145,358,587,953,916,1034,1619,1351,1067,1324,744,742,1178,1071,695,3,14190
109,292,143,358,585,949,914,1031,1606,1342,1062,1319,739,738,1169,1063,694,3,14116
107,290,142,358,584,944,913,1022,1596,1328,1054,1310,736,734,1165,1058,689,3,14033
106,289,141,358,582,940,908,1019,1581,1321,1045,1292,731,727,1158,1056,686,3,13943
106,287,141,356,580,935,900,1015,1571,1310,1036,1282,728,724,1150,1047,682,3,13853
106,286,141,355,576,930,898,1010,1566,1303,1029,1277,722,719,1144,1043,674,3,13782
106,286,140,355,573,928,889,1007,1554,1292,1024,1268,717,717,1135,1036,670,3,13700
105,286,140,352,571,923,884,1002,1539,1285,1018,1261,714,713,1125,1032,665,3,13618
105,284,139,352,570,917,881,995,1518,1274,1014,1251,708,710,1117,1025,658,3,13521
105,283,137,352,567,913,873,988,1508,1269,1007,1242,706,707,1110,1023,652,3,13445
105,282,135,349,562,909,871,985,1497,1260,1003,1234,702,702,1103,1018,649,3,13369
105,280,135,345,560,906,862,980,1484,1248,998,1224,699,698,1097,1014,646,3,13284
105,278,135,343,559,899,857,977,1470,1242,994,1218,691,693,1091,1008,639,3,13202
105,278,134,343,557,892,856,970,1467,1235,988,1204,688,687,1084,1003,636,3,13130
105,277,134,343,553,886,852,961,1460,1222,979,1196,682,684,1075,996,630,3,13038
104,275,134,343,552,881,847,955,1451,1214,969,1190,681,683,1072,996,629,3,12979
104,275,131,342,550,874,844,951,1441,1208,963,1181,678,681,1070,990,624,3,12910
104,275,131,342,547,870,839,946,1429,1201,958,1176,673,679,1062,984,622,3,12841
104,274,131,342,544,864,834,940,1422,1192,952,1167,671,679,1060,977,618,3,12774
104,273,130,339,544,862,833,940,1410,1180,942,1154,668,672,1052,976,615,3,12697
104,272,129,338,540,857,825,934,1403,1170,937,1141,666,669,1045,968,613,3,12614
104,271,127,337,537,854,818,929,1397,1160,931,1135,663,665,1034,965,612,3,12542
104,270,127,337,532,854,814,924,1390,1151,929,1128,660,662,1028,960,605,3,12478
104,270,127,336,528,848,812,920,1380,1147,928,1124,653,658,1023,957,598,3,12416
103,268,127,332,528,844,806,915,1375,1141,925,1120,651,651,1018,955,594,3,12356
103,268,127,331,527,838,797,912,1367,1130,920,1110,648,648,1013,951,589,3,12282
102,266,127,331,525,836,795,906,1356,1123,916,1102,645,645,1008,944,586,3,12216
102,264,127,331,521,828,793,902,1351,1119,912,1096,642,642,1004,940,583,3,12160
101,264,127,331,518,827,789,901,1341,1111,902,1090,638,637,996,938,577,3,12091
101,263,127,331,516,823,785,895,1330,1104,901,1086,636,634,991,933,571,3,12030
101,261,126,329,515,818,779,893,1318,1101,897,1080,631,631,980,928,569,3,11960
100,258,126,328,512,816,776,891,1303,1097,894,1075,628,629,976,923,566,3,11901
100,258,125,328,511,813,770,887,1297,1089,891,1073,626,626,970,916,563,3,11846
100,257,125,327,508,807,765,880,1290,1084,885,1064,624,624,965,910,555,3,11773
99,256,125,326,507,804,762,877,1286,1078,883,1057,617,621,959,908,553,3,11721
99,255,125,326,504,800,755,874,1277,1069,875,1052,616,617,954,903,552,3,11656
97,255,124,325,501,796,747,871,1265,1065,867,1046,610,614,948,899,547,3,11580
97,255,124,325,499,790,745,865,1261,1063,867,1039,608,611,942,891,545,3,11530
96,255,123,324,498,787,741,862,1254,1056,864,1036,607,610,934,887,539,3,11476
96,255,123,324,496,782,737,858,1246,1054,859,1031,603,605,932,881,537,3,11422
95,255,123,323,496,778,729,855,1234,1049,857,1025,600,602,927,878,534,3,11363
95,254,122,323,495,775,726,854,1226,1039,855,1017,595,598,921,870,533,3,11301
95,254,121,322,490,771,723,851,1214,1031,851,1008,593,597,915,865,533,3,11237
95,254,121,322,490,766,720,846,1210,1023,846,1004,590,593,912,863,533,3,11191
94,253,121,321,488,763,717,842,1202,1018,841,1000,585,592,910,858,533,3,11141
94,253,121,320,486,759,714,840,1199,1013,838,995,582,590,904,852,530,3,11093
94,253,121,320,486,758,709,836,1192,1006,837,995,581,590,902,847,525,3,11055
94,253,121,320,486,754,705,832,1183,1003,837,986,579,587,897,844,522,3,11006
94,252,121,317,486,748,702,829,1177,998,831,983,577,583,894,838,518,3,10951
94,252,121,316,482,745,698,826,1171,995,827,976,573,580,887,834,513,3,10893
94,252,121,315,481,740,697,824,1157,986,824,971,570,576,885,829,512,3,10837
93,252,120,312,481,734,692,822,1149,984,823,969,566,575,883,822,507,3,10787
93,252,120,311,479,730,691,817,1140,980,819,959,562,572,877,821,507,3,10733
93,252,120,311,476,726,686,813,1132,973,814,957,560,570,874,817,504,3,10681
93,251,119,311,476,720,684,809,1125,971,812,952,560,569,869,814,502,3,10640
92,249,118,311,475,718,683,808,1118,967,809,945,559,564,867,806,501,3,10593
92,249,117,311,475,715,680,805,1116,963,800,942,558,564,863,802,499,3,10554
92,249,117,310,475,712,677,802,1107,959,795,936,556,563,860,802,496,3,10511
91,249,117,309,473,710,675,800,1100,956,792,933,553,560,858,800,494,3,10473
91,249,117,309,470,705,675,795,1091,946,790,931,552,557,854,795,493,3,10423
91,249,116,309,469,705,672,793,1086,942,785,924,550,553,850,792,491,3,10380
91,249,115,308,466,701,666,790,1082,940,781,922,546,551,847,789,490,3,10337
91,249,114,306,463,699,664,788,1079,936,777,921,545,549,847,785,488,3,10304
91,249,113,306,461,696,663,786,1070,931,774,918,543,547,844,782,485,3,10262
91,248,113,306,458,695,661,782,1063,928,771,915,542,545,842,776,481,3,10220
91,248,113,306,453,690,657,779,1054,926,764,911,540,540,839,774,480,3,10168
91,246,113,305,451,687,656,777,1052,924,762,907,539,538,835,773,477,3,10136
91,246,113,304,449,685,654,774,1048,921,758,904,537,534,832,770,473,3,10096
91,245,112,303,449,679,650,769,1044,917,754,898,535,533,828,769,470,3,10049
91,243,111,303,448,677,644,769,1039,911,754,891,532,532,826,767,468,3,10009
91,242,111,303,447,677,639,766,1030,909,749,888,529,530,824,762,466,3,9966
91,241,111,303,445,676,636,763,1025,903,749,887,526,526,822,758,463,3,9928
91,241,111,303,444,675,635,760,1021,899,745,883,524,524,817,754,462,3,9892
91,241,110,302,444,671,631,759,1013,895,742,878,522,524,815,750,459,3,9850
91,239,110,302,441,669,626,756,1011,891,741,875,521,521,813,746,457,3,9813
90,238,109,302,439,668,624,753,1006,888,738,872,519,518,811,746,457,3,9781
90,237,109,300,436,666,620,751,1000,884,736,870,517,513,810,743,457,3,9742
90,236,109,300,435,664,620,749,994,878,735,864,517,511,808,742,457,3,9712
90,236,109,298,435,664,614,747,987,871,730,863,515,508,804,739,457,3,9670
90,236,109,297,435,660,611,747,986,868,729,860,512,503,797,733,455,3,9631
90,235,109,297,432,658,606,744,980,865,724,857,511,501,792,727,452,3,9583
90,235,108,297,431,657,601,742,971,860,718,855,510,500,788,725,450,3,9541
90,234,108,297,429,655,598,740,967,858,716,852,506,498,784,723,448,3,9506
89,234,107,297,427,653,595,738,965,855,711,849,505,496,782,720,447,3,9473
89,234,107,296,425,651,592,732,960,852,710,844,503,495,779,719,445,3,9436
89,234,107,295,425,651,592,728,954,849,707,842,502,495,775,717,443,3,9408
87,234,107,294,425,648,589,727,947,844,704,839,499,492,770,716,441,3,9366
87,234,106,293,424,647,588,724,942,839,700,837,497,492,767,712,440,3,9332
87,233,106,292,422,646,587,724,937,837,698,835,496,490,764,711,437,3,9305
86,230,106,292,419,643,586,720,934,835,695,832,496,490,762,706,435,3,9270
86,227,106,290,418,643,585,719,930,834,693,827,493,490,760,704,433,3,9241
86,226,104,290,418,643,583,716,925,830,690,824,491,489,758,701,432,3,9209
86,226,104,288,416,642,580,715,921,827,688,822,489,486,757,698,431,3,9179
86,226,104,287,412,641,579,714,915,822,684,817,488,484,753,696,429,3,9140
86,225,103,286,411,639,577,710,913,818,682,812,485,482,751,694,426,3,9103
86,224,103,286,411,638,576,706,911,816,679,809,485,481,748,690,424,3,9076
86,223,103,286,410,638,575,706,908,815,676,808,485,481,743,689,424,3,9059
86,221,102,285,409,637,574,704,904,814,676,805,484,480,742,686,420,3,9032
85,221,102,283,407,634,571,703,901,811,673,799,482,478,742,683,418,3,8996
85,221,101,283,407,631,567,699,899,810,670,794,481,476,740,682,418,3,8967
85,220,101,283,407,629,566,692,894,809,669,790,479,473,738,681,418,3,8937
84,219,101,283,406,628,564,689,887,806,664,788,476,472,737,680,415,3,8902
84,218,101,283,405,628,563,688,885,805,664,786,475,472,733,679,415,3,8887
84,218,101,283,405,626,563,687,881,802,662,786,473,470,732,679,414,3,8869
84,218,101,283,403,624,561,686,876,798,656,782,473,467,731,678,412,3,8836
84,217,101,282,403,623,561,686,871,797,653,780,471,465,728,678,411,3,8814
84,217,100,281,403,621,561,685,868,796,653,777,469,465,726,678,410,3,8797
84,216,100,281,400,619,560,683,867,792,650,776,467,465,721,675,407,3,8766
84,216,99,280,400,617,556,683,862,791,647,775,466,464,719,673,405,3,8740
84,215,99,280,400,616,554,682,860,788,646,771,466,462,714,672,405,3,8717
84,213,99,280,400,613,551,680,853,782,645,768,465,462,711,669,403,3,8681
84,213,99,280,399,613,549,678,849,777,640,764,463,461,709,668,401,3,8650
84,213,98,280,398,610,547,677,848,775,637,760,460,460,708,666,399,3,8623
84,212,98,278,397,607,546,673,845,770,636,756,459,459,705,665,399,3,8592
84,212,98,278,396,606,543,672,840,764,635,754,458,458,703,662,398,3,8564
84,212,98,276,395,606,540,669,835,756,633,754,456,457,701,661,395,3,8531
83,212,97,276,394,605,536,667,832,753,632,750,455,455,697,661,394,3,8502
83,210,97,275,393,602,534,664,828,751,628,749,454,455,694,659,392,3,8471
83,210,97,274,393,601,532,662,824,748,626,744,452,454,693,657,387,3,8440
83,210,97,274,389,599,531,661,824,746,623,742,450,454,690,653,387,3,8416
82,209,97,274,389,598,529,658,822,743,622,737,450,454,688,651,387,3,8393
82,209,97,274,389,597,526,653,816,743,618,733,448,454,687,648,384,3,8361
82,208,97,274,388,594,525,650,815,742,617,733,445,452,682,645,384,3,8336
82,207,97,273,387,592,523,648,813,738,617,730,445,451,681,644,383,3,8314
82,207,97,273,385,591,521,648,810,735,615,724,442,451,681,643,382,3,8290
82,206,97,272,385,591,520,647,808,734,614,721,442,447,679,642,380,3,8270
81,206,97,272,384,590,517,644,805,733,614,719,441,447,677,639,378,3,8247
81,206,97,272,384,589,516,643,802,731,611,717,438,446,673,638,376,3,8223
80,206,95,272,381,587,515,640,799,729,609,715,437,445,672,637,375,3,8197
79,204,95,271,380,586,515,639,797,726,607,711,435,442,669,636,374,3,8169
78,202,95,269,380,584,514,639,795,723,605,709,434,442,669,636,374,3,8151
77,201,95,269,379,582,514,638,793,721,604,707,433,441,667,634,374,3,8132
77,201,95,268,379,580,514,638,787,720,603,704,432,441,665,632,374,3,8113
76,199,95,268,376,577,510,636,783,717,601,700,430,439,664,630,372,3,8076
75,199,95,267,375,576,508,634,782,716,600,698,430,438,663,628,371,3,8058
75,199,94,266,375,576,508,633,780,712,598,693,428,435,661,627,370,3,8033
75,199,94,266,373,571,507,632,775,710,594,691,428,432,659,623,369,3,8001
75,199,94,266,373,571,506,631,769,708,591,688,427,429,655,622,368,3,7975
75,199,94,265,372,569,505,630,768,703,587,685,427,428,651,620,365,3,7946
75,196,93,265,372,568,504,625,766,701,585,684,427,426,649,616,363,3,7918
75,195,93,265,372,567,502,625,764,699,583,682,427,425,647,612,360,3,7896
75,194,93,265,372,567,500,624,760,694,581,681,425,424,645,611,359,3,7873
75,194,93,265,372,566,500,620,756,691,579,680,423,422,644,609,358,3,7850
75,194,93,265,371,564,498,620,755,689,579,676,420,421,642,609,358,3,7832
75,194,93,265,369,563,497,619,749,689,578,673,420,421,637,608,358,3,7811
75,193,92,263,367,563,495,617,747,686,578,670,418,421,636,601,356,3,7781
75,192,92,263,366,563,495,616,743,685,578,666,418,420,634,601,354,3,7764
73,192,92,263,364,562,493,615,741,683,577,662,415,420,633,600,353,3,7741
73,191,92,262,364,561,493,615,739,682,576,660,415,419,629,596,351,3,7721
73,190,92,261,363,559,492,614,733,681,573,656,414,418,627,594,351,3,7694
73,189,91,260,362,558,491,612,732,678,572,651,413,415,626,590,349,3,7665
73,189,91,260,362,558,491,609,732,677,571,650,412,412,623,587,347,3,7647
73,189,91,260,360,558,489,607,730,674,570,649,412,412,619,586,346,3,7628
73,188,90,260,359,556,488,607,729,671,569,649,410,411,617,585,346,3,7611
73,186,90,260,358,556,488,605,728,669,568,647,410,411,617,584,346,3,7599
73,184,88,260,358,556,487,605,725,669,566,644,409,408,615,583,344,3,7577
72,184,88,259,358,555,487,603,722,667,566,642,409,407,614,582,342,3,7560
72,183,88,259,357,555,486,601,718,663,561,642,408,406,612,579,342,3,7535
72,183,87,259,357,554,485,598,716,659,558,639,408,403,609,575,342,3,7507
72,183,87,258,357,551,483,595,713,657,556,637,407,401,609,572,341,3,7482
72,182,87,258,356,548,480,595,711,656,556,636,406,400,608,568,341,3,7463
72,181,87,258,354,546,480,594,705,655,556,634,404,399,606,565,340,3,7439
71,181,87,258,353,544,477,593,699,652,555,632,403,399,604,564,339,3,7414
71,180,87,258,352,542,475,592,698,651,554,632,402,398,600,564,337,3,7396
71,180,87,258,351,541,474,591,696,651,554,628,401,398,598,563,337,3,7382
71,178,87,257,350,537,472,589,692,650,552,626,398,398,597,563,337,3,7357
71,177,87,257,350,535,471,587,690,650,552,623,397,398,596,563,336,3,7343
71,176,87,257,350,535,470,585,687,649,550,617,394,396,596,559,335,3,7317
71,172,87,256,350,535,470,584,687,644,548,615,391,394,594,559,333,3,7293
71,170,87,256,350,534,469,583,684,643,547,613,390,393,593,557,333,3,7276
71,168,87,256,348,533,468,582,682,641,546,611,389,393,593,556,332,3,7259
71,168,87,255,348,533,467,581,679,638,545,611,387,392,591,556,332,3,7244
71,168,87,255,347,533,466,578,678,636,542,609,386,391,590,554,331,3,7225
71,168,87,253,347,531,465,576,674,634,540,609,385,390,590,551,331,3,7205
71,167,87,253,346,531,465,575,671,634,540,608,383,389,589,550,331,3,7193
71,166,87,253,346,528,464,573,670,629,538,607,383,389,587,548,331,3,7173
70,165,87,253,346,527,463,573,669,628,537,605,380,388,586,547,331,3,7158
70,164,87,253,345,524,462,572,668,628,533,603,380,387,586,547,331,3,7143
70,163,87,253,344,521,459,570,667,627,532,602,379,387,583,546,330,3,7123
70,162,87,253,342,519,458,569,666,625,532,601,378,387,579,545,330,3,7106
70,162,87,253,341,519,456,569,666,620,532,598,378,386,577,544,329,3,7090
70,162,87,253,340,519,454,567,663,618,531,598,378,385,573,544,329,3,7074
70,162,87,253,340,517,453,566,660,615,530,597,377,385,572,543,329,3,7059
69,161,86,253,340,517,452,564,656,614,530,595,377,385,570,543,329,3,7044
69,160,86,252,339,516,450,564,654,612,530,595,375,385,570,543,329,3,7032
69,160,86,252,339,516,449,562,651,612,529,595,374,385,569,541,329,3,7021
69,160,86,252,339,514,448,561,648,609,528,594,372,385,569,539,329,3,7005
69,160,85,252,339,511,447,560,646,608,527,593,372,383,567,537,328,3,6987
68,160,85,252,338,511,446,556,642,607,526,592,371,383,564,536,328,3,6968
68,159,85,251,338,507,443,553,641,605,526,592,370,381,560,536,328,3,6946
68,159,85,251,335,506,441,553,636,603,526,586,370,380,559,536,328,3,6925
68,159,85,251,335,505,441,550,635,602,524,585,368,380,556,533,328,3,6908
68,159,85,251,335,505,441,550,632,601,522,583,368,379,555,533,327,3,6897
68,159,85,251,334,503,440,549,627,600,521,580,368,379,555,532,327,3,6881
68,158,85,251,334,503,439,549,623,600,519,578,367,379,554,529,327,3,6866
68,157,85,250,332,501,439,548,619,598,519,573,367,379,554,526,327,3,6845
68,157,85,250,331,501,437,546,618,596,519,572,367,379,553,525,324,3,6831
67,155,85,250,330,501,437,545,617,595,519,570,367,377,553,525,323,3,6819
67,154,85,248,329,497,437,544,616,591,519,569,367,377,552,524,323,3,6802
67,152,84,248,328,496,437,542,614,590,518,567,367,377,550,520,322,3,6782
67,151,84,247,326,493,435,542,613,590,517,565,366,377,548,519,322,3,6765
67,151,84,246,326,492,434,541,612,588,516,562,366,376,547,519,322,3,6752
67,151,84,246,326,490,433,539,611,586,515,560,364,374,542,518,322,3,6731
66,151,84,245,324,489,432,538,610,585,514,558,363,374,540,517,319,3,6712
66,151,84,245,324,487,432,534,605,584,511,555,361,373,537,516,318,3,6686
66,151,84,245,324,487,430,532,603,583,510,551,358,372,537,514,318,3,6668
66,151,84,245,323,485,428,531,603,581,509,551,358,371,535,513,317,3,6654
66,151,83,245,323,485,428,529,601,579,509,550,357,371,533,513,316,3,6642
66,151,83,245,320,483,427,528,601,579,509,547,356,371,532,513,316,3,6630
66,151,83,245,320,479,426,527,601,578,508,543,354,370,532,509,315,3,6610
66,151,83,244,320,478,425,524,601,574,507,542,353,370,531,507,312,3,6591
66,151,83,243,316,478,425,524,600,574,505,541,353,370,530,503,312,3,6577
66,151,83,243,316,478,425,524,599,573,505,540,351,369,530,501,311,3,6568
66,151,83,243,315,478,424,523,598,573,501,539,350,367,530,501,308,3,6553
66,151,83,242,315,478,423,522,596,572,500,536,349,367,530,501,308,3,6542
66,151,83,241,314,478,422,520,595,571,500,536,349,367,529,497,305,3,6527
66,151,82,241,313,478,420,519,594,571,500,536,349,367,529,497,304,3,6520
66,151,82,240,311,478,419,517,594,571,500,535,348,366,529,494,304,3,6508
66,151,82,240,310,478,419,517,593,570,498,534,347,365,528,494,302,3,6497
66,151,82,239,309,476,419,516,592,570,498,532,347,365,528,493,302,3,6488
66,150,82,239,309,476,418,516,589,570,498,532,347,363,528,492,302,3,6480
66,150,82,238,309,476,417,515,588,567,497,530,347,362,528,491,301,3,6467
66,150,82,237,308,476,416,515,583,563,497,529,345,360,526,490,300,3,6446
66,150,82,237,308,475,415,512,580,563,496,529,345,359,525,488,299,3,6432
66,150,82,237,308,475,415,510,578,563,494,529,344,359,523,488,298,3,6422
66,149,81,237,308,475,415,509,577,563,493,529,343,358,522,488,298,3,6414
66,148,81,236,307,474,415,509,576,562,492,528,342,355,520,487,298,3,6399
66,148,81,236,307,473,415,507,574,560,491,528,342,352,520,485,297,3,6385
66,147,81,235,305,473,415,507,573,560,490,526,342,352,518,484,296,3,6373
66,147,81,235,303,473,414,506,572,560,490,526,342,351,518,484,295,3,6366
66,146,81,235,303,473,414,503,572,559,488,525,342,351,515,481,293,3,6350
66,144,81,234,303,472,414,503,572,558,487,523,339,351,513,479,293,3,6335
66,144,81,234,302,470,413,503,571,556,487,520,337,350,511,479,293,3,6320
66,144,81,234,302,469,413,500,570,556,487,519,336,350,510,478,291,3,6309
65,144,80,234,302,468,413,500,567,554,486,519,336,346,510,478,291,3,6296
64,144,80,233,301,467,412,499,567,554,486,517,336,345,510,478,290,3,6286
64,143,80,233,299,466,412,497,567,552,486,517,336,345,508,477,290,3,6275
64,143,80,233,299,466,412,496,564,551,486,515,336,345,507,475,287,3,6262
64,143,80,233,298,465,411,495,562,551,484,514,336,345,507,473,286,3,6250
64,143,80,233,297,462,409,495,562,551,484,513,336,343,507,471,285,3,6238
64,142,79,233,296,460,407,495,561,551,484,513,335,340,507,469,284,3,6223
64,141,79,233,296,457,406,494,560,550,482,512,334,340,507,468,284,3,6210
64,140,79,233,296,454,406,493,558,548,482,511,333,339,507,467,284,3,6197
64,140,79,233,294,454,406,491,557,548,482,508,332,339,506,467,281,3,6184
64,140,79,233,294,452,406,490,556,547,481,508,332,338,505,467,280,3,6175
63,140,79,232,294,451,406,489,556,546,480,507,332,338,504,466,280,3,6166
63,140,79,232,292,447,406,489,554,544,479,507,332,337,502,465,280,3,6151
63,140,79,232,292,447,406,489,554,544,478,507,332,337,502,465,278,3,6148
63,140,77,231,292,446,405,488,553,543,477,506,332,337,500,465,278,3,6136
63,140,77,231,292,446,404,488,552,542,477,506,332,334,498,464,277,3,6126
63,140,77,231,292,445,404,488,550,541,477,506,332,334,498,463,277,3,6121
63,138,77,231,292,444,404,486,549,541,475,506,330,334,495,463,277,3,6108
63,137,77,231,292,444,403,484,547,540,474,506,330,333,495,463,277,3,6099
62,137,77,231,291,443,403,483,547,537,473,505,330,332,495,461,277,3,6087
62,137,77,231,291,443,403,481,546,537,472,502,329,331,495,461,276,3,6077
62,136,77,231,291,440,403,479,545,536,471,501,328,331,495,461,274,3,6064
62,136,77,231,290,440,402,479,542,535,470,500,327,331,495,460,273,3,6053
62,136,77,231,290,440,399,479,540,535,469,499,325,331,495,459,272,3,6042
62,136,77,230,290,440,398,479,538,535,467,498,325,331,495,458,271,3,6033
62,135,77,229,290,439,396,478,537,534,465,497,325,331,495,458,271,3,6022
62,133,77,229,290,438,395,477,535,532,465,496,324,331,495,458,271,3,6011
62,133,76,229,290,438,395,477,534,531,463,495,323,331,495,456,270,3,6001
62,133,76,229,290,437,393,477,532,529,463,494,323,331,495,456,270,3,5993
62,133,75,229,289,437,393,477,530,524,463,494,323,329,494,454,270,3,5979
61,133,75,229,288,437,393,477,530,523,463,494,323,328,494,453,269,3,5973
61,133,75,229,288,434,391,477,529,523,463,494,321,328,494,451,269,3,5963
61,132,75,229,287,433,389,475,527,522,463,493,320,328,493,451,269,3,5950
61,132,75,229,287,432,388,473,526,522,462,491,319,328,492,451,269,3,5940
61,132,75,228,287,432,388,471,523,521,462,490,319,327,490,451,268,3,5928
61,132,75,228,287,431,388,470,521,521,461,489,319,326,490,451,268,3,5921
61,130,75,228,287,431,386,470,519,518,460,488,319,323,489,451,267,3,5905
61,130,75,227,287,430,385,470,519,518,460,487,318,323,488,450,267,3,5898
61,129,75,226,287,430,385,470,515,516,460,485,317,323,488,449,266,3,5885
61,129,75,226,285,428,384,469,513,515,460,485,317,323,487,449,265,3,5874
61,129,75,226,285,427,384,468,513,514,458,485,317,322,486,448,265,3,5866
61,128,75,226,284,427,384,468,511,513,458,485,317,322,486,446,265,3,5859
61,128,75,226,284,427,383,466,509,512,457,485,316,321,485,444,265,3,5847
61,128,75,226,283,427,382,466,509,512,457,484,316,321,485,443,265,3,5843
61,128,74,226,282,426,382,465,509,512,456,482,316,321,484,442,265,3,5834
61,128,74,225,282,425,381,465,509,510,455,482,316,321,484,442,264,3,5827
61,128,74,224,282,424,378,464,508,508,455,481,315,321,484,442,264,3,5816
61,128,74,224,282,421,377,463,506,506,452,481,314,318,482,441,263,3,5796
61,128,74,224,282,421,377,462,506,503,449,478,313,318,481,440,263,3,5783
61,128,74,224,282,421,377,462,505,503,448,477,312,318,480,440,263,3,5778
61,128,74,223,281,420,376,462,505,502,448,473,312,318,480,440,263,3,5769
60,127,74,223,281,420,376,461,505,502,447,473,311,317,480,439,263,3,5762
59,127,74,223,280,419,376,461,503,501,447,473,311,316,479,437,262,3,5751
59,127,74,223,280,419,376,459,498,500,443,472,311,316,479,435,262,3,5736
59,126,74,223,278,419,376,458,497,499,442,471,311,315,477,434,262,3,5724
59,126,74,223,277,418,373,457,496,496,442,470,311,315,477,433,261,3,5711
58,126,73,223,277,418,372,455,494,495,442,470,311,315,476,433,259,3,5700
58,125,73,223,277,418,371,453,492,495,441,470,311,315,476,432,259,3,5692
58,125,72,223,277,417,370,452,490,495,441,470,311,314,474,432,259,3,5683
58,125,72,223,277,417,369,450,489,494,440,469,311,313,474,431,258,3,5673
58,125,72,222,276,417,368,448,488,493,440,468,311,313,474,430,257,3,5663
58,125,72,222,276,416,367,448,487,492,438,468,310,313,474,430,257,3,5656
58,125,72,222,276,415,366,447,487,491,437,468,308,312,473,430,257,3,5647
58,125,72,222,276,415,365,447,487,491,437,468,308,311,473,430,257,3,5645
58,125,72,222,275,414,365,447,485,489,436,466,307,311,472,430,256,3,5633
57,125,72,222,274,413,364,447,485,487,435,466,307,310,471,429,255,3,5622
57,125,71,222,273,410,364,445,484,487,433,465,306,310,471,429,253,3,5608
57,125,71,222,273,409,362,444,483,486,431,465,306,310,471,429,252,3,5599
57,125,71,222,273,409,362,444,483,484,431,465,305,310,471,428,252,3,5595
57,124,71,221,273,407,361,442,483,484,431,465,304,310,471,428,252,3,5587
57,124,71,221,273,406,361,441,483,483,431,464,304,308,469,427,251,3,5577
57,124,71,221,273,406,361,441,483,483,431,462,304,308,468,426,248,3,5570
57,124,71,221,272,405,361,440,482,482,430,462,304,308,467,426,248,3,5563
57,124,71,221,272,403,361,439,481,481,429,462,303,308,467,426,248,3,5556
57,124,71,221,272,403,359,439,481,481,429,461,303,307,465,425,248,3,5549
57,124,71,221,272,403,359,438,480,480,429,461,301,306,464,425,248,3,5542
57,124,71,221,272,403,358,437,480,479,429,461,299,306,464,424,248,3,5536
57,124,71,221,272,401,358,436,477,478,428,461,299,306,464,423,247,3,5526
57,124,71,221,272,400,358,435,477,477,428,460,299,305,464,421,247,3,5519
56,124,71,221,271,398,357,434,477,475,426,458,298,305,464,421,247,3,5506
56,124,71,221,271,396,357,434,476,474,424,458,298,304,464,421,247,3,5499
56,124,71,221,270,396,356,434,474,474,424,458,297,304,464,421,247,3,5494
56,124,71,221,270,396,355,434,473,474,421,457,297,304,464,419,247,3,5486
56,123,71,221,270,395,355,434,472,472,419,455,297,304,464,416,247,3,5474
56,123,71,221,270,394,355,434,471,472,418,454,297,303,464,416,244,3,5466
56,122,71,221,270,394,355,433,470,472,416,452,297,301,461,416,243,3,5453
56,122,71,221,270,393,355,433,469,472,415,452,297,301,460,416,243,3,5449
56,122,71,221,270,391,355,432,469,471,413,452,296,301,460,416,242,3,5441
56,122,71,221,270,390,355,430,467,471,413,451,296,301,460,413,240,3,5430
56,122,71,221,270,389,355,430,467,471,412,451,295,300,459,412,240,3,5424
56,122,71,221,270,388,354,427,464,471,411,451,295,300,458,412,240,3,5414
56,122,71,221,270,388,353,424,464,471,411,450,295,300,458,411,239,3,5407
56,122,71,221,270,388,353,424,463,470,407,449,294,300,458,411,239,3,5399
56,120,71,220,270,388,353,423,462,468,407,447,294,300,458,411,238,3,5389
56,119,71,220,270,387,351,423,460,468,407,447,294,300,456,409,237,3,5378
56,118,71,220,270,387,351,423,459,467,407,447,294,299,456,409,236,3,5373
56,118,71,220,270,386,350,423,459,466,406,447,294,299,455,409,236,3,5368
56,118,71,220,270,386,350,420,458,466,405,447,293,299,454,409,236,3,5361
56,118,71,220,270,386,350,419,458,465,405,446,293,299,454,409,236,3,5358
56,118,71,220,270,386,350,419,456,465,405,444,293,299,454,406,236,3,5351
56,118,71,220,269,385,350,419,456,464,405,444,293,298,453,406,235,3,5345
56,118,71,220,269,383,350,419,453,462,404,444,293,298,453,406,234,3,5336
56,118,70,220,269,383,349,419,452,461,404,443,293,298,453,406,234,3,5331
56,118,70,220,269,383,349,418,451,460,404,441,293,298,453,404,234,3,5324
56,118,70,220,269,383,349,418,451,459,403,439,291,297,451,403,234,3,5314
56,117,70,220,269,382,348,418,451,458,402,439,291,297,451,402,234,3,5308
56,117,70,220,269,382,347,417,450,457,401,438,290,297,451,402,234,3,5301
56,117,70,220,269,382,346,415,449,457,400,438,290,297,449,400,234,3,5292
56,117,70,220,268,382,345,415,448,457,399,437,290,296,449,400,233,3,5285
56,117,70,220,268,382,344,414,448,456,399,437,290,296,449,399,233,3,5281
56,116,70,220,266,381,343,414,446,454,399,436,290,295,448,398,232,3,5267
56,116,70,219,265,381,343,414,445,453,399,436,289,295,448,398,231,3,5261
56,116,70,219,265,381,343,414,445,453,398,436,289,295,448,397,231,3,5259
56,115,70,219,265,380,342,414,444,453,396,435,289,295,448,397,231,3,5252
56,115,70,219,265,380,342,413,442,452,396,435,289,294,448,396,231,3,5246
56,115,70,219,265,380,342,413,442,451,396,435,289,293,446,396,231,3,5242
56,115,70,218,265,378,340,413,441,451,396,434,288,293,446,395,230,3,5232
56,115,70,218,265,378,339,412,441,451,395,434,288,293,445,395,230,3,5228
56,115,70,218,264,377,339,411,441,450,395,434,288,293,444,393,230,3,5221
56,115,70,218,264,377,338,411,441,449,395,434,287,292,444,392,229,3,5215
56,115,70,218,264,377,338,410,441,447,395,432,287,292,442,392,229,3,5208
56,115,70,218,263,376,338,410,440,447,395,431,287,290,442,391,229,3,5201
56,115,69,218,263,375,338,410,440,447,395,431,287,290,440,391,228,3,5196
56,115,69,218,263,374,335,410,439,447,394,430,287,289,439,391,228,3,5187
56,114,69,218,263,374,335,410,437,446,394,430,287,289,436,391,228,3,5180
56,114,69,218,263,372,334,410,437,446,393,429,287,288,433,391,228,3,5171
56,114,69,218,263,372,334,409,437,446,393,428,287,288,432,390,228,3,5167
56,114,69,218,263,371,333,407,436,444,393,426,286,287,429,387,228,3,5150
56,113,69,218,263,370,333,407,436,443,392,425,286,286,428,386,228,3,5142
56,113,69,218,263,370,333,407,436,441,391,425,286,286,426,384,227,3,5134
56,113,69,218,263,369,333,406,435,441,390,424,286,285,426,384,227,3,5128
56,113,69,218,263,368,331,405,434,440,389,424,286,284,424,383,227,3,5117
56,113,68,218,263,367,331,404,434,440,389,424,286,284,423,383,227,3,5113
56,113,68,218,263,367,329,404,433,439,387,423,285,284,421,381,227,3,5101
56,113,68,218,263,367,329,404,432,439,386,422,285,284,421,379,227,3,5096
56,112,68,218,262,367,329,402,431,439,385,421,285,284,420,379,227,3,5088
56,112,68,218,262,367,328,402,431,438,385,420,285,283,419,379,227,3,5083
56,112,67,216,262,367,327,402,430,438,383,419,284,283,418,378,227,3,5072
56,112,67,216,262,365,327,402,429,438,382,418,284,283,418,378,227,3,5067
56,112,67,216,262,365,327,399,429,437,382,418,283,282,418,378,227,3,5061
56,112,67,216,262,365,327,399,429,437,381,418,283,282,418,377,227,3,5059
56,112,67,215,261,365,325,397,428,436,381,418,283,282,417,376,226,3,5048
56,112,67,215,261,364,325,397,428,436,379,417,282,282,416,375,226,3,5041
56,112,67,215,261,363,325,397,428,434,378,417,282,282,416,375,226,3,5037
56,112,67,215,261,361,325,397,428,434,378,415,281,282,415,375,226,3,5031
56,112,67,215,260,361,324,397,426,434,377,415,281,282,415,374,226,3,5025
56,112,67,215,260,361,323,396,426,432,377,415,281,282,414,374,226,3,5020
56,112,67,215,259,361,322,394,426,432,377,414,281,282,413,373,226,3,5013
56,112,67,214,259,360,320,394,425,432,376,413,281,282,412,371,226,3,5003
56,111,67,214,259,359,319,393,424,432,376,413,278,282,412,369,226,3,4993
56,111,66,214,259,359,319,392,424,432,375,413,277,282,412,369,226,3,4989
56,111,66,214,259,358,319,392,424,432,374,412,277,282,411,369,225,3,4984
56,111,66,214,259,357,319,392,424,432,374,412,277,282,410,369,225,3,4982
56,111,66,214,258,356,318,391,423,431,373,412,277,282,409,368,225,3,4973
55,111,66,214,257,356,318,391,423,431,372,411,276,281,408,367,225,3,4965
55,111,66,213,257,355,317,390,422,430,372,411,276,281,408,366,225,3,4958
55,110,66,213,257,355,316,388,422,429,372,411,275,280,408,366,225,3,4951
54,110,66,213,257,355,316,388,422,428,371,411,275,279,408,366,225,3,4947
54,110,66,213,256,355,315,386,421,428,371,411,275,278,408,366,224,3,4940
54,110,66,212,256,355,314,386,421,428,370,411,275,278,408,366,224,3,4937
54,110,65,212,256,355,312,386,421,427,370,410,274,278,408,365,223,3,4929
54,110,65,211,256,355,312,385,420,427,370,408,272,278,407,364,223,3,4920
54,110,65,211,255,354,312,384,420,426,369,407,272,277,407,364,223,3,4913
54,110,65,211,254,354,312,383,420,425,369,406,272,277,407,364,223,3,4909
54,110,65,211,254,354,312,382,418,425,369,406,271,277,407,364,222,3,4904
54,110,65,211,254,353,310,381,417,425,369,406,271,277,407,364,221,3,4898
54,110,65,211,254,353,310,381,417,425,369,405,271,277,407,362,221,3,4895
54,110,65,211,254,352,310,381,417,424,369,405,271,277,406,362,220,3,4891
54,110,65,211,254,352,310,381,417,424,369,405,271,277,406,360,219,3,4888
54,110,65,211,254,352,310,381,416,424,368,403,270,277,406,359,219,3,4882
54,110,65,211,254,351,310,381,415,424,368,401,270,277,405,359,219,3,4877
54,110,65,210,254,350,309,381,415,424,367,401,269,277,405,357,219,3,4870
54,110,65,210,254,350,309,381,415,424,366,400,269,277,402,357,219,3,4865
54,110,65,210,254,350,308,381,415,424,366,400,269,277,400,357,218,3,4861
54,108,65,210,254,350,308,381,415,424,366,400,269,277,400,357,218,3,4859
54,108,64,210,253,350,308,380,415,423,366,397,269,277,399,357,217,3,4850
54,108,64,209,253,348,308,380,412,423,366,397,269,277,398,356,217,3,4842
54,107,64,208,253,348,308,379,412,422,366,397,269,277,397,353,217,3,4834
54,107,64,208,253,348,308,378,412,422,365,396,269,277,397,353,217,3,4831
54,107,64,208,253,348,307,378,411,422,365,396,269,277,397,353,217,3,4829
54,107,64,208,253,348,307,378,410,422,365,394,269,277,397,353,217,3,4826
54,107,64,208,252,348,307,377,409,421,365,393,269,277,397,353,217,3,4821
54,107,64,208,252,348,307,377,407,421,365,392,267,275,397,352,217,3,4813
54,107,64,208,251,348,307,377,407,420,364,392,267,274,397,352,217,3,4809
54,107,64,208,251,348,306,377,404,418,364,391,266,274,397,351,217,3,4800
54,107,64,208,251,347,306,377,404,417,363,390,266,274,397,351,216,3,4795
54,107,64,207,251,347,306,377,404,417,363,390,266,274,397,351,216,3,4794
54,106,64,206,251,347,306,375,403,417,363,390,266,273,397,351,215,3,4787
54,106,64,206,251,347,306,375,403,417,362,390,266,273,397,351,215,3,4786
53,106,64,205,251,347,306,374,403,417,362,388,266,273,396,351,215,3,4780
53,106,64,204,251,347,306,373,403,417,362,387,266,273,396,351,215,3,4777
53,106,64,204,251,346,306,373,403,416,362,387,266,273,395,351,215,3,4774
53,106,64,204,250,346,306,373,403,415,362,386,266,273,395,351,215,3,4771
53,106,64,203,250,346,306,373,403,413,361,385,266,273,395,351,215,3,4766
53,106,64,202,250,346,305,373,403,413,360,385,266,273,394,351,215,2,4761
53,106,64,202,250,346,305,372,403,413,360,384,264,273,393,351,215,2,4756
53,106,64,202,250,346,305,372,403,411,359,383,263,273,393,351,214,2,4750
53,106,64,202,249,344,304,372,403,411,359,383,263,273,391,350,214,2,4743
53,106,64,201,248,343,302,372,402,411,359,383,263,273,390,350,214,2,4736
53,106,64,201,248,343,302,370,402,410,359,382,263,272,390,350,214,2,4731
53,106,64,201,247,343,301,370,401,410,359,382,263,271,389,350,214,2,4726
53,106,64,201,247,343,300,370,401,410,359,380,263,271,389,350,214,2,4723
53,106,64,201,247,342,298,369,401,410,359,380,262,270,388,350,214,2,4716
53,106,64,201,246,341,297,369,401,409,359,379,262,269,388,348,214,2,4708
53,106,64,201,245,338,296,369,401,408,357,379,261,269,388,348,214,2,4699
53,106,64,201,245,338,296,368,401,407,357,379,261,269,388,348,214,2,4697
53,106,64,201,245,338,296,366,400,407,357,379,261,269,388,348,214,2,4694
53,106,64,201,245,338,296,366,398,407,356,379,260,269,388,347,214,2,4689
53,106,64,201,245,338,295,365,397,407,356,378,260,269,387,347,214,2,4684
53,106,64,201,245,338,295,364,396,406,356,378,260,269,384,347,214,2,4678
53,106,64,201,245,338,295,364,395,406,356,376,260,269,383,346,213,2,4672
53,106,64,201,245,338,294,364,395,405,356,375,260,269,382,346,212,2,4667
53,106,64,201,244,338,294,364,394,405,356,374,260,269,382,345,212,2,4663
53,106,64,201,244,338,294,364,394,405,356,372,260,269,382,345,212,2,4661
53,106,64,201,244,338,293,364,394,403,356,372,259,269,382,345,212,2,4657
53,106,64,201,244,338,292,364,393,403,355,372,259,268,382,345,212,2,4653
53,106,64,201,244,337,292,362,393,402,355,371,259,267,382,345,212,2,4647
53,106,64,201,244,337,292,362,393,401,355,371,259,267,382,345,212,2,4646
53,106,64,201,243,337,292,362,393,400,354,371,259,267,381,345,212,2,4642
53,106,63,201,243,337,292,362,392,400,354,371,259,267,381,345,212,2,4640
53,105,63,200,243,337,292,362,391,400,354,371,259,266,380,345,212,2,4635
53,105,62,200,243,337,292,361,391,400,353,371,259,266,380,344,212,2,4631
53,105,61,200,243,337,292,360,391,400,353,370,259,266,380,344,212,2,4628
53,105,61,200,243,336,292,359,389,400,352,368,259,266,380,343,212,2,4620
53,105,61,200,243,335,292,358,388,400,352,366,259,266,380,343,212,2,4615
53,105,61,200,243,335,292,358,386,399,351,366,258,266,380,342,211,2,4608
53,105,61,200,243,335,292,358,386,399,349,366,258,266,380,342,210,2,4605
53,105,61,200,243,335,292,357,386,399,348,365,258,266,380,342,210,2,4602
53,105,61,200,243,335,292,356,386,399,348,364,258,266,380,342,210,2,4600
53,105,61,200,243,335,291,356,385,398,347,364,258,265,379,341,210,2,4593
53,105,61,200,243,335,290,355,385,396,345,364,258,264,379,340,210,2,4585
53,105,61,200,243,335,290,355,385,395,345,364,258,264,379,340,210,2,4584
53,105,61,199,242,335,290,355,385,395,344,364,258,264,378,340,210,2,4580
53,105,61,198,242,333,289,355,383,395,344,364,258,264,378,339,210,2,4573
53,105,61,197,242,333,288,354,383,395,344,362,258,264,378,338,210,2,4567
53,105,61,197,242,333,288,352,383,395,344,361,258,264,378,338,208,2,4562
53,105,61,197,242,333,287,352,381,395,344,360,258,264,378,338,207,2,4557
53,105,61,197,242,333,287,352,381,394,344,360,257,264,377,337,206,2,4552
52,105,61,197,241,333,287,351,379,393,344,360,257,264,377,336,206,2,4545
52,104,61,197,241,333,287,351,378,392,344,360,257,264,377,336,206,2,4542
52,104,60,197,241,333,287,351,376,391,343,359,257,264,377,336,206,2,4536
52,104,60,196,240,333,287,351,376,390,342,358,256,264,376,336,206,2,4529
52,104,60,196,240,333,286,351,376,389,341,358,254,262,375,335,206,2,4520
52,104,60,196,240,332,286,351,376,386,340,358,254,262,375,334,205,2,4513
52,104,58,194,240,331,286,350,376,385,340,358,254,262,375,330,205,2,4502
52,104,57,194,240,331,286,350,376,385,340,358,254,262,374,328,205,1,4497
52,104,57,194,240,331,286,350,376,385,339,357,254,262,373,327,205,1,4493
52,104,57,194,240,330,286,348,375,385,339,357,254,262,373,327,205,1,4489
52,104,57,194,240,330,286,348,374,384,339,357,254,262,372,327,205,1,4486
52,104,57,194,240,329,286,348,374,383,338,357,254,262,371,327,204,1,4481
52,104,57,194,240,328,286,348,374,383,338,357,254,262,371,327,204,1,4480
52,104,56,194,240,328,286,348,374,383,337,357,254,262,369,326,204,1,4475
52,103,56,194,240,328,286,348,374,382,335,357,254,262,368,326,204,1,4470
51,103,56,194,240,328,286,348,373,381,335,357,254,262,368,325,203,1,4465
51,103,56,193,240,328,286,348,372,381,335,356,254,262,368,325,203,1,4462
51,103,56,193,240,327,286,348,371,381,334,355,254,262,367,324,203,1,4456
51,103,56,193,239,326,286,347,371,379,334,354,254,262,366,324,203,1,4449
51,103,56,193,239,325,285,345,371,378,334,353,254,262,365,324,203,1,4442
50,103,56,193,237,325,285,345,370,378,333,353,254,262,365,324,203,1,4437
50,103,56,193,237,325,285,345,370,378,333,353,253,262,365,324,203,1,4436
50,103,56,193,237,325,285,345,370,378,332,352,253,262,365,324,203,1,4434
50,102,56,193,237,325,285,344,370,378,331,352,253,262,365,324,202,1,4430
50,102,56,193,237,324,283,344,368,378,331,352,253,262,365,323,202,1,4424
50,102,55,193,237,324,283,343,368,377,331,351,253,262,365,322,202,1,4419
50,102,55,192,235,323,283,342,368,375,331,351,253,260,364,320,202,1,4407
50,102,55,192,235,321,283,342,368,375,331,351,253,260,364,320,202,1,4405
50,101,55,192,235,321,283,341,368,375,330,349,253,260,364,320,202,1,4400
50,100,55,192,235,321,282,341,367,375,329,349,253,259,364,320,201,1,4394
50,100,54,192,235,321,282,341,367,374,328,349,253,258,364,320,201,1,4390
50,100,54,192,235,321,281,340,367,373,328,349,253,258,364,320,201,1,4387
50,100,54,192,234,321,281,338,366,373,327,349,253,256,364,320,201,1,4380
50,100,54,192,234,321,280,338,366,373,327,349,253,255,364,320,201,1,4378
50,100,54,190,234,321,280,338,366,371,326,349,253,255,364,319,200,1,4371
50,100,54,190,234,321,280,338,366,370,325,348,253,255,363,319,200,1,4367
50,100,54,190,234,321,278,338,365,369,325,348,252,255,362,319,200,1,4361
50,100,54,190,233,320,278,337,365,368,325,347,252,254,362,319,198,1,4353
50,100,54,189,232,320,278,336,365,367,325,347,252,254,360,319,198,1,4347
50,100,54,188,232,319,278,335,365,367,325,347,252,254,360,319,198,1,4344
50,99,54,188,232,319,277,335,364,366,324,347,252,254,359,318,198,1,4337
50,99,54,188,232,318,276,335,364,365,322,346,252,254,359,318,198,1,4331
50,99,54,188,232,318,276,335,363,365,322,346,252,254,359,318,195,1,4327
50,99,54,188,230,317,276,335,363,363,322,345,252,254,358,318,195,1,4320
50,99,54,188,230,317,276,335,362,363,322,344,252,254,357,316,194,1,4314
50,99,54,187,230,317,276,335,362,363,322,342,251,254,357,316,193,1,4309
50,99,54,187,230,316,275,333,362,362,321,342,251,254,356,316,193,1,4302
50,98,54,187,230,316,275,333,361,361,321,340,251,254,355,316,193,1,4296
50,98,54,187,230,316,275,333,359,361,320,340,251,253,355,316,193,1,4292
50,98,54,187,230,315,275,333,358,361,320,340,250,253,354,316,193,1,4288
50,98,52,187,228,314,275,333,358,361,319,338,248,253,354,316,193,1,4278
50,98,52,186,227,313,275,333,357,361,319,338,247,253,354,316,191,1,4271
50,98,52,186,227,313,273,332,357,361,319,337,246,253,354,316,191,1,4266
50,98,52,186,226,313,273,332,355,361,319,337,246,253,353,316,190,1,4261
50,98,52,186,226,312,273,331,355,360,319,335,246,253,353,316,190,1,4256
50,98,52,186,226,311,273,331,355,360,318,334,246,253,353,316,190,1,4253
50,98,52,186,225,311,272,331,355,360,317,331,246,253,353,315,190,1,4246
50,98,52,186,225,311,272,331,354,360,316,331,245,253,353,315,190,1,4243
50,98,52,186,225,309,271,330,353,360,316,330,245,253,353,315,190,1,4237
50,98,52,186,225,308,271,330,353,360,316,330,245,253,353,315,190,1,4236
50,98,52,186,225,308,271,330,353,360,316,330,244,252,353,315,190,1,4234
50,98,52,186,225,308,271,329,351,360,316,330,243,252,353,315,190,1,4230
50,98,52,186,225,308,271,328,350,360,315,327,243,252,353,315,190,1,4224
50,98,52,186,224,308,271,328,350,358,315,326,242,252,353,313,190,1,4217
50,98,52,186,224,308,270,328,349,358,314,326,241,252,353,313,190,1,4213
50,98,52,186,223,307,270,327,348,358,314,326,241,252,353,313,190,1,4209
50,98,52,186,223,307,270,327,348,356,313,326,241,252,353,311,190,1,4204
50,98,52,186,223,307,270,327,347,356,313,326,241,252,352,311,190,1,4202
50,98,52,186,223,307,270,324,347,356,313,326,241,252,351,310,190,1,4197
50,98,52,186,223,307,270,324,347,356,313,326,240,252,351,310,190,1,4196
50,98,52,186,223,307,269,323,347,356,313,326,240,252,351,310,190,1,4194
50,98,52,186,223,307,268,322,347,356,313,326,240,252,351,309,190,1,4191
50,98,52,186,223,307,268,321,346,355,313,326,240,252,350,309,190,1,4187
50,98,52,186,223,306,268,321,344,354,311,326,240,252,350,309,190,1,4181
50,98,52,185,223,305,267,321,344,354,311,326,240,252,349,308,190,1,4176
50,98,52,185,223,304,267,320,342,354,311,326,240,252,349,308,190,1,4172
50,98,52,185,223,303,266,320,342,354,311,326,240,252,349,308,190,1,4170
50,98,52,184,223,302,266,318,342,353,310,326,239,252,348,308,190,1,4162
49,98,52,184,223,302,266,318,342,352,310,323,239,252,348,308,190,1,4157
49,97,52,184,223,302,266,318,342,352,307,323,239,251,347,308,190,1,4151
49,96,52,184,223,302,266,318,342,352,306,322,238,251,347,308,190,1,4147
49,96,52,184,223,302,266,318,342,352,306,321,237,251,346,308,188,1,4142
49,96,52,184,223,301,266,318,342,352,306,320,236,251,346,308,188,1,4139
49,96,52,184,223,301,266,317,341,351,306,320,236,251,346,308,188,1,4136
49,96,52,184,223,301,266,317,340,351,305,320,236,251,345,306,188,1,4131
49,96,52,184,223,301,266,317,338,351,305,320,235,251,345,306,187,1,4127
49,96,52,184,222,299,265,317,338,351,305,319,235,251,345,305,187,1,4121
49,96,52,184,222,299,265,317,338,351,305,319,235,251,344,304,187,1,4119
49,96,52,184,222,299,265,316,338,351,305,319,235,251,344,304,186,1,4117
49,96,52,184,222,299,265,316,337,351,305,318,235,251,344,303,186,1,4114
49,96,52,184,222,298,265,316,337,351,305,318,235,249,344,303,185,1,4110
49,96,52,183,222,296,265,315,336,350,305,318,235,249,344,303,185,1,4104
49,96,52,183,222,296,264,314,334,350,304,318,233,249,344,302,185,1,4096
49,96,52,183,222,296,264,313,334,350,304,317,233,249,344,302,185,1,4094
49,96,52,183,220,296,263,313,334,350,303,317,233,249,344,302,185,1,4090
49,96,52,183,220,296,263,313,334,350,303,317,233,249,343,302,184,1,4088
49,96,52,183,220,296,263,313,334,350,303,316,233,249,342,302,184,1,4086
49,96,52,183,220,296,262,313,334,350,303,316,231,249,342,302,184,1,4083
49,96,52,183,220,296,262,313,334,350,303,315,231,249,342,300,184,1,4080
49,95,52,183,220,296,262,313,334,348,302,314,231,249,342,300,184,1,4075
49,95,52,183,220,296,262,312,334,348,302,314,231,248,341,300,184,1,4072
49,95,52,183,220,296,261,311,334,348,301,314,231,248,341,300,184,1,4069
49,95,52,183,219,296,261,311,334,348,301,313,231,247,341,300,184,1,4066
49,95,52,183,218,295,261,310,334,348,301,313,231,247,341,300,184,1,4063
49,95,51,183,218,295,261,309,334,348,300,311,231,246,340,299,184,1,4055
49,95,51,183,218,295,261,309,333,348,300,310,231,246,340,298,184,1,4052
49,95,51,183,217,295,261,308,333,347,300,310,231,246,340,298,184,1,4049
49,95,51,183,216,295,261,307,333,347,300,310,231,246,339,298,184,1,4046
49,95,51,183,216,295,261,307,333,345,300,310,231,246,339,297,184,1,4043
49,94,51,183,216,295,261,307,333,345,300,310,231,244,339,297,184,1,4040
49,94,51,183,216,294,261,306,333,344,299,310,231,244,339,296,184,1,4035
49,94,51,183,216,294,260,306,333,344,299,309,231,244,338,296,184,1,4032
49,94,51,183,215,293,260,306,333,342,299,309,230,244,338,296,183,1,4026
49,94,51,183,215,293,259,306,333,342,298,309,230,244,338,294,183,1,4022
49,94,51,182,215,293,259,306,333,339,298,309,230,244,338,294,183,1,4018
49,93,50,182,215,293,259,306,333,339,298,308,230,244,338,294,183,1,4015
49,93,50,182,214,293,259,306,333,339,298,308,229,244,338,294,183,1,4013
49,93,50,182,214,293,258,305,331,339,298,308,228,244,338,292,183,1,4006
49,93,50,182,214,293,257,304,330,339,298,308,226,244,335,292,183,1,3998
49,93,50,182,212,293,257,304,329,339,298,308,226,243,335,292,183,1,3994
49,93,49,182,212,293,257,304,328,339,298,308,225,242,334,292,183,1,3989
49,93,49,182,212,291,257,304,327,339,296,307,225,242,334,291,182,1,3981
49,93,49,182,212,291,256,304,326,338,295,307,224,242,334,291,182,1,3976
49,93,49,182,212,290,256,304,326,338,295,307,223,242,333,291,182,1,3973
49,93,49,182,212,290,255,304,326,338,293,307,222,240,333,291,182,1,3967
49,93,49,182,212,290,255,304,326,337,293,306,222,240,332,291,182,1,3964
49,93,49,181,212,290,255,304,326,337,293,306,222,240,331,290,182,1,3961
49,92,49,181,212,290,255,304,326,337,293,305,222,240,331,290,181,1,3958
49,92,49,181,212,288,255,304,324,337,292,305,222,240,331,290,181,1,3953
49,92,49,181,212,288,255,304,324,337,292,305,222,240,330,290,181,1,3952
49,92,49,181,212,288,254,304,324,337,292,305,222,240,330,290,180,1,3950
49,92,49,181,212,288,254,302,324,337,291,305,222,240,330,290,180,1,3947
49,92,49,181,212,288,254,302,323,337,291,305,222,240,330,289,180,1,3945
49,92,49,181,212,288,254,302,323,337,291,305,221,239,330,289,180,1,3943
49,91,49,181,212,288,254,302,323,337,290,305,221,239,329,289,180,1,3940
49,91,49,181,212,288,253,301,323,337,287,305,221,239,329,289,180,1,3935
49,91,49,181,212,288,253,301,322,337,287,304,220,239,328,288,179,1,3929
49,91,49,181,211,288,253,300,322,336,287,304,220,238,328,288,179,1,3925
49,91,49,180,211,288,252,300,322,336,287,304,220,238,328,288,179,1,3923
49,91,49,180,210,288,251,300,322,336,286,303,220,237,327,288,179,1,3917
49,91,49,180,210,288,250,299,322,335,286,303,220,237,327,288,179,1,3914
49,91,49,180,210,287,250,299,320,335,285,303,220,237,327,288,179,1,3910
49,91,49,178,210,286,250,298,320,335,285,301,220,236,325,288,179,1,3901
49,91,49,178,209,286,250,298,320,334,285,301,219,236,325,288,179,1,3898
49,91,49,178,209,286,250,298,320,334,285,301,219,236,325,287,179,1,3897
49,91,49,178,209,286,250,298,320,334,285,300,219,236,325,287,179,1,3896
49,91,49,178,208,285,250,298,320,334,285,299,219,236,324,287,179,1,3892
49,91,49,177,208,285,250,298,319,334,285,298,219,235,324,287,179,1,3888
49,91,49,177,208,285,249,298,319,334,284,298,219,235,324,287,179,1,3886
49,91,49,176,208,285,249,298,319,331,284,298,218,235,323,287,178,1,3879
49,91,49,176,208,285,249,298,319,330,284,298,218,235,323,286,178,1,3877
49,91,49,176,208,284,249,296,318,330,284,298,218,235,323,286,178,1,3873
49,91,49,175,208,284,249,295,317,330,284,298,218,235,323,286,178,1,3870
49,91,49,175,208,284,249,295,317,330,284,297,218,235,323,286,178,1,3869
49,91,49,175,208,283,249,295,317,330,284,297,217,235,321,286,178,1,3865
49,91,49,175,208,283,249,295,317,329,284,297,216,234,321,286,178,1,3862
49,91,49,175,208,283,248,295,317,329,284,296,216,234,321,286,178,1,3860
49,91,49,175,208,283,247,295,316,329,284,296,216,234,321,286,178,1,3858
49,91,49,175,208,283,247,295,315,329,284,294,216,234,320,286,178,1,3854
49,91,49,175,208,282,247,295,314,328,284,294,214,234,320,286,178,1,3849
49,91,49,175,207,282,247,294,314,326,283,293,214,234,320,286,178,1,3843
49,90,49,175,207,281,247,294,314,326,283,292,214,233,319,286,178,1,3838
49,90,49,175,207,281,247,294,314,325,283,292,214,233,319,286,178,1,3837
49,90,49,175,207,281,247,294,313,324,283,292,214,233,319,286,178,1,3835
49,90,49,175,207,281,247,294,313,324,283,292,214,233,318,286,178,1,3834
49,90,49,175,207,281,246,294,313,323,282,292,214,233,318,286,178,1,3831
49,90,49,175,207,281,245,294,313,323,281,292,214,233,317,286,178,1,3828
49,90,49,175,207,281,245,294,313,323,281,291,213,233,316,286,178,1,3825
49,90,49,175,207,281,245,294,313,323,281,291,213,232,316,286,178,1,3824
49,90,49,175,207,281,245,294,312,323,281,291,212,231,316,285,178,1,3820
49,89,49,175,206,280,245,294,311,323,281,291,212,231,316,285,178,1,3816
49,89,49,175,206,280,245,294,310,323,281,291,212,231,315,285,178,1,3814
49,89,49,175,206,278,244,294,310,323,281,290,212,229,315,285,178,1,3808
49,89,49,175,206,277,244,294,309,323,281,290,212,229,315,285,178,1,3806
49,89,49,175,206,277,243,294,308,322,280,290,212,229,313,284,177,1,3798
49,89,49,175,206,277,243,294,305,322,279,290,212,229,313,284,177,1,3794
49,89,49,175,206,277,243,294,305,322,279,290,212,229,313,284,177,1,3794
49,89,49,174,206,277,243,294,305,322,279,290,212,229,313,284,177,1,3793
49,89,49,174,206,277,243,294,305,322,279,290,212,228,310,284,177,1,3789
49,88,49,174,206,277,243,294,304,322,279,289,212,228,309,283,177,1,3784
49,88,49,174,206,277,243,294,303,322,278,289,212,228,309,282,177,1,3781
49,88,49,174,206,277,243,294,302,321,278,289,212,228,309,281,177,1,3778
49,88,49,174,205,277,243,294,300,321,278,287,212,228,309,280,177,1,3772
49,88,49,174,205,277,243,294,298,321,278,286,212,228,309,277,177,1,3766
49,88,49,174,205,276,242,294,298,321,278,286,212,228,309,277,177,1,3764
49,88,49,174,205,276,241,294,297,321,278,286,212,228,309,277,177,1,3762
49,88,49,174,205,276,241,293,297,321,278,284,212,228,309,277,177,1,3759
49,88,49,174,205,276,241,292,297,319,277,283,212,228,309,277,177,1,3754
49,88,49,174,204,276,241,292,296,319,277,282,212,228,309,277,177,1,3751
49,88,49,174,204,276,241,292,296,319,277,282,211,228,308,277,177,1,3749
49,88,49,174,204,276,239,292,295,319,277,282,211,228,308,276,177,1,3745
49,88,49,174,204,276,239,292,295,319,277,281,211,228,308,276,177,1,3744
49,87,49,174,204,276,239,292,295,319,277,281,211,228,308,276,176,1,3742
49,86,49,174,203,276,239,292,295,319,276,281,210,228,308,276,176,1,3738
49,86,49,174,202,275,239,292,295,319,276,281,210,228,308,276,176,1,3736
49,86,49,174,202,275,239,292,295,318,276,281,210,228,307,276,176,1,3734
49,86,49,174,201,275,239,292,295,318,276,281,210,228,306,276,176,1,3732
49,85,49,174,201,275,239,292,295,316,276,280,210,228,305,276,176,1,3727
49,85,49,174,201,275,238,291,295,316,276,280,210,228,304,276,176,1,3724
49,85,49,174,201,275,238,291,294,315,276,280,210,228,304,276,176,1,3722
49,85,49,174,201,275,238,291,294,315,276,280,210,228,304,276,176,1,3722
49,85,49,174,201,274,238,291,294,314,276,280,210,228,304,276,176,1,3720
49,85,49,174,201,273,238,291,294,314,276,280,210,228,304,276,175,1,3718
49,85,49,174,201,273,238,289,294,314,276,279,210,228,303,275,175,1,3713
49,85,49,174,201,273,238,288,294,314,276,278,210,227,303,275,175,1,3710
49,85,49,174,201,273,238,288,294,314,276,278,210,227,303,275,175,1,3710
49,85,49,174,200,273,238,287,294,314,276,278,210,227,303,274,175,1,3707
49,85,49,174,200,273,238,287,294,313,276,278,210,227,302,274,175,1,3705
49,85,49,174,200,273,238,287,293,313,276,278,208,227,302,273,175,1,3701
49,85,49,174,200,273,238,287,293,313,276,278,208,226,301,273,175,1,3699
49,85,49,174,200,273,238,287,293,313,276,278,208,226,301,273,175,1,3699
49,85,49,174,199,273,238,287,293,313,276,278,207,226,301,273,175,1,3697
49,85,49,174,199,273,238,286,293,313,275,278,207,224,301,273,175,1,3693
49,85,49,173,199,273,238,286,293,313,275,278,207,223,301,273,174,1,3690
49,85,49,173,199,273,238,286,293,313,275,278,206,223,301,273,173,1,3688
49,85,49,173,199,273,238,286,293,313,275,278,206,223,301,273,173,1,3688
49,85,49,173,199,273,237,286,293,313,275,278,206,223,301,273,173,1,3687
49,85,49,173,199,273,237,286,293,313,275,278,205,223,301,273,173,1,3686
49,85,49,173,199,273,237,286,292,313,275,278,203,223,301,272,173,1,3682
49,85,49,173,199,272,237,286,292,313,275,277,203,223,301,272,173,1,3680
49,85,49,173,199,272,237,286,292,312,275,277,203,223,300,272,173,1,3678
49,85,48,173,199,272,237,285,292,312,275,277,203,223,300,271,172,1,3674
49,85,48,172,199,272,237,285,292,312,275,276,203,222,300,271,172,1,3671
49,85,48,172,199,272,237,285,292,311,275,276,203,222,300,270,172,1,3669
49,85,48,171,198,272,237,285,292,311,273,275,202,222,300,270,172,1,3663
49,85,48,171,198,272,237,285,292,311,273,275,202,222,300,269,172,1,3662
49,85,48,171,198,271,237,285,292,311,273,275,202,222,300,268,172,1,3660
49,85,48,171,198,271,237,285,292,311,272,275,202,222,300,268,171,1,3658
49,85,48,171,197,270,237,285,292,311,272,275,202,222,300,266,171,1,3654
49,85,48,171,197,270,236,285,291,310,272,275,201,222,300,266,171,1,3650
49,85,48,171,197,269,235,285,291,307,272,275,201,222,300,266,171,1,3645
49,85,48,170,196,269,235,284,291,307,272,275,201,222,300,265,171,1,3641
49,84,48,169,196,269,235,284,291,307,272,275,201,222,299,264,171,1,3637
49,83,48,169,196,269,235,284,290,307,272,275,201,222,299,264,171,1,3635
49,83,48,169,195,269,235,284,290,307,272,275,201,222,299,264,171,1,3634
49,83,48,169,195,269,235,283,290,307,272,275,201,222,299,263,171,1,3632
49,83,48,168,195,268,235,282,290,307,272,275,201,222,299,263,171,1,3629
49,83,48,168,195,268,235,282,290,307,272,275,201,222,299,262,171,1,3628
49,83,48,168,195,267,235,282,290,307,272,275,201,222,299,262,171,1,3627
49,83,48,168,194,266,235,282,290,307,272,274,201,222,298,262,171,1,3623
49,83,48,168,194,265,235,282,289,307,272,274,201,222,298,262,171,1,3621
49,83,48,168,194,265,235,282,289,306,272,274,201,222,298,262,171,1,3620
49,83,48,167,194,265,235,282,288,306,272,274,201,222,297,262,171,1,3617
49,83,48,167,194,265,234,282,288,306,272,273,201,222,297,260,170,1,3612
49,83,48,167,194,265,234,282,288,306,272,273,200,222,297,260,170,1,3611
49,83,48,167,194,264,234,282,288,306,272,273,199,222,297,260,170,1,3609
49,83,48,166,194,264,234,282,288,306,272,273,199,222,297,259,170,1,3607
49,83,48,166,194,263,234,282,288,305,272,273,199,222,297,259,170,1,3605
49,83,48,166,194,263,234,282,288,305,272,273,199,222,297,259,170,1,3605
49,83,48,166,194,263,233,282,288,304,272,272,199,222,297,257,169,1,3599
49,83,48,166,194,262,233,282,288,304,271,271,199,222,297,256,169,1,3595
49,83,48,166,194,262,233,282,288,304,271,271,199,222,297,256,169,1,3595
49,83,48,165,194,262,233,282,288,304,271,270,199,222,295,256,169,1,3591
49,83,48,165,194,262,233,282,288,303,271,270,199,222,295,255,169,1,3589
49,83,48,165,194,262,233,282,288,303,271,270,199,222,295,255,169,1,3589
49,83,48,165,194,262,232,282,288,303,271,270,198,222,295,255,169,1,3587
49,83,48,164,194,262,232,282,287,301,270,270,198,222,295,254,169,1,3581
49,83,48,164,193,261,231,282,287,301,270,270,198,222,295,254,168,1,3577
49,83,48,163,193,259,231,282,286,301,269,270,197,222,294,254,168,1,3570
49,83,48,163,193,259,231,282,286,300,269,270,196,222,294,254,168,1,3568
49,83,48,163,193,259,231,282,286,300,268,270,196,222,294,253,167,1,3565
49,83,48,163,193,259,231,282,286,300,268,270,196,222,293,252,167,1,3563
49,83,48,163,193,259,230,281,285,300,268,270,196,222,293,251,167,1,3559
49,83,48,163,193,259,230,281,284,300,268,270,196,222,292,250,167,1,3556
48,83,48,163,193,259,230,280,284,300,268,269,196,221,292,250,167,1,3552
48,83,48,163,193,259,230,280,284,300,268,268,196,221,292,250,167,1,3551
48,83,48,163,193,259,230,280,284,299,268,267,196,221,292,250,167,1,3549
48,83,48,163,193,259,230,280,284,299,268,267,196,221,292,250,167,1,3549
48,83,48,163,193,259,230,280,283,299,267,267,196,221,291,250,167,1,3546
48,83,48,163,193,259,230,280,283,299,267,266,196,220,291,250,167,1,3544
48,83,48,163,193,259,230,279,282,299,266,266,195,220,291,250,167,1,3540
48,83,48,163,193,259,230,278,282,298,266,266,195,219,291,249,167,1,3536
48,83,48,163,193,259,230,278,282,298,266,266,195,219,291,249,167,1,3536
48,83,48,163,193,257,229,278,282,298,266,266,194,219,291,249,167,1,3532
48,83,48,163,192,257,229,278,282,298,266,266,194,218,291,248,167,1,3529
48,83,48,163,192,257,227,276,282,297,266,266,194,218,291,248,167,1,3524
48,83,48,163,192,257,227,276,282,297,266,266,194,217,290,248,167,1,3522
48,83,48,163,192,257,227,276,282,297,266,265,194,217,290,248,166,1,3520
48,83,48,163,192,257,227,276,282,297,266,264,193,216,290,248,166,1,3517
48,83,48,163,192,257,227,276,282,297,266,263,193,216,290,248,166,1,3516
48,83,48,163,192,257,227,276,282,297,266,263,193,216,290,246,166,1,3514
48,83,48,163,192,257,227,276,282,297,266,263,193,216,290,246,166,1,3514
48,83,48,163,192,257,227,276,282,297,266,263,193,216,290,245,166,1,3513
48,83,48,162,192,257,227,276,282,297,266,263,193,216,290,245,166,1,3512
48,83,48,162,192,257,227,275,282,297,265,263,193,216,290,245,165,1,3509
48,83,48,162,192,257,227,273,282,297,265,262,193,215,290,245,165,1,3505
48,83,48,162,192,257,227,273,281,296,265,262,193,215,290,245,165,1,3503
48,83,48,162,191,256,227,273,280,295,265,262,193,215,289,245,162,1,3495
48,83,48,162,191,256,227,272,280,295,265,262,193,215,289,245,162,1,3494
48,83,48,162,191,256,226,272,280,295,265,262,192,215,288,245,162,1,3491
48,83,48,162,191,256,226,272,280,295,265,262,192,215,288,245,162,1,3491
48,83,48,162,191,256,226,272,280,295,264,262,192,215,288,245,162,1,3490
48,82,48,161,191,255,226,272,279,295,264,262,192,215,288,245,162,1,3486
48,82,48,161,191,255,226,272,279,295,264,262,192,214,288,245,162,1,3485
48,82,48,161,191,255,226,272,278,295,264,262,192,214,287,245,161,1,3482
48,82,48,161,191,254,226,272,276,295,264,262,192,214,286,245,161,1,3478
48,82,48,161,191,254,226,272,276,295,263,262,192,214,286,244,161,1,3476
48,82,48,161,191,254,226,272,275,294,262,262,192,214,285,243,161,1,3471
48,82,48,161,191,254,225,272,274,294,262,261,192,214,285,243,161,1,3468
48,82,48,161,191,253,225,272,274,293,262,260,192,214,285,243,161,1,3465
48,82,48,161,191,253,225,271,274,293,262,260,192,214,285,243,161,1,3464
48,82,48,161,190,253,225,271,274,293,262,260,192,214,285,241,161,1,3461
48,82,48,161,190,253,225,271,274,293,262,260,192,214,285,241,161,1,3461
48,82,48,161,190,253,225,271,274,293,262,260,192,214,284,241,161,1,3460
48,82,48,161,190,252,225,270,274,293,262,260,192,214,284,241,161,1,3458
48,81,48,161,190,252,225,270,274,293,261,260,192,213,284,241,160,1,3454
48,81,48,161,190,252,225,270,273,293,261,260,192,213,284,241,160,1,3453
48,81,48,161,190,252,225,269,273,292,261,260,192,213,284,241,160,1,3451
48,81,48,161,189,252,225,269,273,292,261,260,192,213,284,241,160,1,3450
48,81,48,161,189,252,225,269,272,291,260,260,192,213,283,241,160,1,3446
48,81,48,161,189,252,225,269,272,291,260,260,192,213,282,241,160,1,3445
48,81,48,161,189,252,225,269,272,291,260,260,192,212,282,241,160,1,3444
48,81,48,161,188,252,225,269,272,291,260,260,192,212,282,240,160,1,3442
48,81,48,159,188,252,225,269,272,290,259,260,192,212,282,239,160,1,3437
48,81,48,158,188,251,225,269,272,290,259,260,192,211,282,239,160,1,3434
48,81,48,158,188,251,225,269,271,290,259,260,192,211,282,239,160,1,3433
48,81,48,157,188,251,225,269,271,290,259,259,192,211,282,239,160,1,3431
48,80,48,157,188,251,225,268,271,290,259,258,191,211,282,239,160,1,3427
48,80,48,157,188,251,225,268,271,290,259,258,191,210,282,239,159,1,3425
48,80,48,157,188,251,224,268,271,290,259,258,191,210,281,239,159,1,3423
48,80,48,157,188,251,222,268,270,290,259,258,191,210,281,239,159,1,3420
48,80,48,157,188,251,222,268,270,290,259,258,190,210,281,239,159,1,3419
48,80,48,157,188,251,222,267,270,290,259,258,189,210,281,239,159,1,3417
48,80,48,157,188,251,222,267,270,290,259,258,189,210,280,239,159,1,3416
48,80,48,157,188,251,221,267,268,290,259,258,189,210,280,239,159,1,3413
48,80,48,157,188,251,220,267,268,290,259,258,189,210,279,239,159,1,3411
48,80,48,157,188,251,220,267,268,289,259,258,189,210,279,239,158,1,3409
48,80,48,157,188,251,220,265,268,289,259,258,189,210,279,239,158,1,3407
48,80,48,157,188,251,220,264,268,289,259,258,189,210,279,238,158,1,3405
48,80,48,157,187,251,219,264,268,289,259,258,189,210,279,238,158,1,3403
48,80,48,157,187,251,219,264,267,289,259,257,189,210,279,237,158,1,3400
48,80,48,157,186,251,219,264,267,288,258,257,189,210,279,237,158,1,3397
48,80,48,157,186,251,219,263,267,287,258,257,189,210,279,236,158,1,3394
48,80,48,157,186,250,219,263,267,287,258,257,188,210,279,236,158,1,3392
48,80,48,157,186,250,219,263,267,287,258,257,188,210,279,236,158,1,3392
48,80,48,156,184,250,219,263,266,286,258,257,188,209,279,236,158,1,3386
48,80,48,156,184,250,219,262,265,286,257,257,187,209,279,236,158,1,3382
48,80,48,156,184,250,219,262,265,286,257,257,187,209,278,236,158,1,3381
48,80,48,156,183,250,219,262,264,286,257,257,187,209,278,236,158,1,3379
48,80,48,156,183,249,219,262,264,286,257,257,186,209,278,236,158,1,3377
48,80,48,156,183,249,219,262,264,286,256,257,186,209,278,236,158,1,3376
48,80,48,156,183,249,219,261,264,286,256,257,186,208,278,235,158,1,3373
48,80,48,156,183,249,219,260,264,286,256,257,186,208,278,235,158,1,3372
48,80,48,156,183,249,219,259,263,286,255,256,184,208,278,235,158,1,3366
48,80,48,156,183,249,219,259,262,286,255,256,184,207,278,235,158,1,3364
48,80,48,156,183,249,217,259,262,286,255,256,183,207,278,235,158,1,3361
48,80,48,156,183,249,217,259,261,284,255,256,183,207,278,235,158,1,3358
48,80,48,155,183,249,217,259,261,284,253,256,183,207,278,235,158,1,3355
48,80,48,155,183,249,217,259,261,284,253,256,182,207,278,233,158,1,3352
48,79,48,155,183,249,217,259,261,284,253,256,182,207,278,233,158,1,3351
48,79,48,155,183,249,217,259,261,284,253,256,182,207,277,232,158,1,3349
48,79,48,155,183,249,217,259,261,284,253,256,182,207,277,232,158,1,3349
48,79,48,155,183,249,217,259,261,284,253,256,182,207,277,232,158,1,3349
48,79,48,155,183,248,217,259,261,284,253,256,182,207,277,232,158,1,3348
48,78,48,155,183,248,217,259,261,284,253,256,182,207,277,232,158,1,3347
48,78,47,155,183,248,217,259,261,284,253,256,182,207,277,232,158,1,3346
48,78,47,155,183,248,217,259,261,283,253,256,182,207,276,232,158,1,3344
48,78,47,155,183,248,217,259,260,283,253,256,182,207,276,232,158,1,3343
48,78,47,155,183,247,216,259,260,283,253,256,181,207,276,232,158,1,3340
48,78,47,155,182,247,216,259,260,283,252,256,180,207,276,232,158,1,3337
48,78,47,154,182,247,216,259,259,283,252,256,180,207,276,232,158,1,3335
48,78,47,154,182,247,216,258,259,282,252,256,180,207,276,232,155,1,3330
48,78,47,154,182,247,216,258,259,282,252,256,180,207,275,232,155,1,3329
48,78,47,154,181,247,215,258,259,282,252,256,180,206,275,231,155,1,3325
48,78,47,154,181,246,215,257,259,282,252,256,180,206,275,231,155,1,3323
48,78,47,154,181,246,215,257,259,282,252,256,180,206,275,231,155,1,3323
48,78,47,154,181,246,215,257,259,282,251,256,180,206,275,231,155,1,3322
48,78,47,154,181,246,215,257,259,282,251,254,180,206,275,231,155,1,3320
48,78,47,154,181,246,215,257,259,281,251,254,180,206,275,230,155,1,3318
48,78,47,154,181,246,215,257,259,281,251,254,180,206,275,229,155,1,3317
48,78,47,154,180,245,215,257,259,280,251,254,180,206,274,228,154,1,3311
48,78,47,154,180,245,215,257,259,280,251,254,180,205,274,228,154,1,3310
48,78,47,154,180,245,215,257,259,278,251,254,180,204,274,228,154,1,3307
48,78,47,154,180,245,214,257,259,278,251,254,180,203,273,228,154,1,3304
48,78,47,154,180,245,214,257,259,278,251,254,180,203,273,228,154,1,3304
48,78,47,154,180,245,214,257,259,277,251,253,180,203,273,228,154,1,3302
48,78,47,154,180,245,214,257,259,277,251,253,180,202,273,227,154,1,3300
48,78,47,154,180,245,214,257,259,277,251,253,180,201,273,227,153,1,3298
48,78,47,154,180,245,214,257,259,277,250,253,180,201,273,227,153,1,3297
48,78,47,154,179,243,214,257,259,277,250,253,180,201,273,227,153,1,3294
48,78,47,154,179,243,214,257,257,277,250,252,180,201,272,227,153,1,3290
48,78,47,154,179,243,214,257,257,277,250,251,180,201,272,226,153,1,3288
48,78,47,154,179,242,214,256,257,277,250,251,179,201,272,226,153,1,3285
48,78,47,154,178,242,214,256,257,276,250,251,179,201,272,226,153,1,3283
48,78,47,154,178,242,214,256,257,276,250,251,179,201,272,226,153,1,3283
48,78,47,154,178,242,214,256,256,276,250,251,179,201,272,226,153,1,3282
48,78,47,154,178,242,214,256,256,275,250,251,179,201,272,226,153,1,3281
48,78,47,154,178,242,214,256,256,275,250,251,179,201,272,226,153,1,3281
48,78,47,154,177,242,214,256,255,274,248,251,179,201,272,226,153,1,3276
48,78,46,154,177,242,214,256,255,274,248,251,179,201,271,226,153,1,3274
48,78,46,154,177,242,214,256,255,274,248,251,179,201,270,226,153,1,3273
48,78,46,154,177,242,214,256,255,274,247,250,179,201,270,226,152,1,3270
48,78,46,154,177,242,214,256,255,274,246,250,178,201,270,226,152,1,3268
48,78,46,154,177,242,214,256,255,273,246,250,177,200,270,226,152,1,3265
48,78,46,154,177,242,214,256,255,273,245,250,177,200,270,226,152,1,3264
48,78,46,154,177,242,214,256,255,273,245,250,177,200,270,226,152,1,3264
48,78,46,154,177,242,214,256,255,273,245,250,176,200,270,226,152,1,3263
48,78,46,154,177,242,214,256,255,271,244,250,176,199,270,226,152,1,3259
